,id,reviewScore,createDate,reviewContent
0,3373956472,4,2022-02-23T07:15:28.953+0000,제품 받고 바로 한알을 먹었네요! 큰 알인데 먹는덴  문제없어요. 한 이주정도전부터 계속 평균적으로 5시간 6시간정도 잠만오고 핸드폰에 이것저것 써치를 하다보니 눈에 큰 영향이 왔는지 시립고 따겁고 간지럽기도하고 눈물도 많이 나오는데 요거 써치하다 급 주문했어요~~ 꾸준히 먹고 좀 나아지길 제발... 좋아지겠죠!
1,3364957459,5,2022-02-11T04:00:07.723+0000,이번에 라이브방송보고 구매했어요! 요즘 루테인 안먹는사람 없자나요. 가격도 착한데 성분도 믿을수 있어서 너무 좋습니당. 이건 남편 먹으라고 산건데(저는 이미먹고있는 타사제품이 있어서)  타사제품이랑 비교했을때 캡슐 크기도 더 작고 얇아요. 그리고 길이는 조금 더 기네요. 근데 이게 먹기는 더 편해요. 제껀 너무 두꺼워서 가끔 삼킬때 좀 힘들더라구요. 위생적으로 낱개 포장되어 있고 먹고나서의 특유의 생선 비린내도 많이 느껴지지 않습니다.
2,3358182002,3,2022-02-01T15:05:04.990+0000,"배송상태가 정말 엉망이었습니다. 박스가 한쪽이 눌려서 제품들도 눌려서 반 이상이 찌그러졌답니다.
명절 전에 도착을 해서 다행이다 생각했는데 상자가 찌그러져서 너무 속상했습니다.
그래도 제품을 믿어서 시간도 없고 그래서 일단 선물은 최대한 안찌그러진 걸로 했답니다. 
저도 먹을거라 더 많이 시켰기에 다행이지 뭡니까.... 
아무튼. 택배회사 잘못 이라고만 하기엔.. 포장이 안전하지 않았던 이유도 있다고 생각합니다. 내용물에 비해 겉 포장 박스가 너무나 컸기 때문입니다.."
3,3373794047,5,2022-02-23T03:50:59.563+0000,"온가족이 먹으려고 여러개 구매했어요.
지아잔틴 들어간 게 세계적으로 대세라고 하더라고요. 혈행이나 눈 건강을 위해서 루테인, 오메가3도 필수라고 생각합니다."
4,3373898975,5,2022-02-23T06:07:17.210+0000,눈이 종종 피로했고.. 예를들어 렌즈를 연속 3회정도 쓰면 뻑뻑한..? 근데 3번도 너끈할 정도로 괜찮은듯합니다 ㅋㅋ 혈행 개선이라더만 피도좀 맑아지는 느낌이어요
5,3371356966,5,2022-02-19T11:28:27.595+0000,"두가지 고민하다가 안구건조증에 더 좋은거 추천받아서 구매했어용ㅎ좀 됐는데 먹어보니 효과있는거같아요 ㅎ
밤에 눈 따갑고 건조증 심했는데 지굼은 안그러네용ㅎ좋아요"
6,3363736742,5,2022-02-09T14:14:32.669+0000,"루테인에 눈촉촉 ...최고의 조합이죠.
모델 조정석 ..믿고 ㅎㅎ
2번째 구매 입니다"
7,3374439043,4,2022-02-23T23:45:21.191+0000,"잘먹고있어요  식물성캡슐이면 더 좋았을것 같아요
 요즘 몸생각하느라 꿀도먹고 오메가3도먹고 안먹을려니불안하네요"
8,3358534605,5,2022-02-02T16:48:52.548+0000,"눈 건강 생각해서 꾸준히 사먹고 있습니다.
오메가3의 경우 어떤 건 변비가 오는데, 이건 괜찮은 것 같습니다.
알이 크긴 한데, 삼킬 때 세로로 방향 잘 맞춰서 삼키면 잘 넘어갑니다.
만약 가로로 넘기면 진짜 목에 걸릴 수도 있으니 좀 주의해야 하고요.

그런데 처음에 CJ택배로 받았는데, 파업 중이라 우체국 택배로 다시 받았고요.
그런데 파업중이라 안올거라 생각했던 CJ택배가 일주일이 지나서 오더라고요.
이거 반품해야 하는데, 파업 중이라 반품 수거도 안해가고 난감하군요;"
9,3373067347,5,2022-02-22T06:01:55.310+0000,"어제 오후 3시에 결제하고 오늘 3시에 도착했어요
완전 총알배송입니다-!!
이제부터 잘 챙겨먹으면서 눈관리 해보려고 합니다^^"
10,3364850287,5,2022-02-11T02:20:38.965+0000,"처음 먹어봅니다.
눈이 침침해서 눈 영양제가
필요해서 구입했습니다.
먹어보고 좋으면 
재구매 하겠습니다"
11,3369686690,5,2022-02-17T08:13:00.909+0000,"양가명절선물로 준비해서 드렸어요 
오메가3 루테인 한알에 다 들어가 있다고 좋아하셨어요"
12,3373108680,5,2022-02-22T06:54:17.820+0000,"계속구매해서 복용중인데,20일분남았는데도재구매했어요.효과가좋아요.가격도많이할인해서저렴해요"
13,3365408616,5,2022-02-11T13:17:55.042+0000,저희지역 택배사 파업으로 같은 상품 다른판매자로부터 취소 요청받고  해서 고민하다 주문했는데 이번엔 바로 배송이 되었어요 빠른배송 너무감사합니다 늘 번창하세요
14,3373510839,5,2022-02-22T14:18:21.965+0000,배송도 빠르게 도착했고요 이젠 나이가 있으니 챙겨먹을려고 구매했어요 리뷰도 좋와서 믿고 구매했어요~^^
15,3368476353,5,2022-02-15T23:51:07.027+0000,"기능성, 복합성이 업그레이드되면서 가격은 높아졌네요 그만큼 다른 영양제를 추가 구매, 복용하지 않아도 되니 오히려 세이브되겠네요. GNM이라 믿고 먹습니다."
16,3372917754,5,2022-02-22T02:28:40.926+0000,유통기한 넉넉한 제품으로 배송되서 좋구요 가격도 합리적이라 만족스럽습니다!
17,3372396103,4,2022-02-21T05:09:56.489+0000,알이 좀 크긴한데 일단 잘먹고있습니다. 눈은 파격적으로 좋아졌다! 는 모르겠네요
18,3367076585,4,2022-02-14T02:38:58.358+0000,꾸준히 먹고 있어요 가격대비 추천할 만해요. 머4기 편하고 성분좋고 배송 빨라서 쭉 먹고 있어요. 남편이랑 함께 먹고 있는데 안먹으면 이제 불안해서 늘 복용중에요
19,3373459712,3,2022-02-22T13:18:04.607+0000,알약 크기가 좀 크다는 평들이 있어서...엄마 드실 건데 잘 드시려나...약국에서 두달분 55000원 구매했었는데 요건 좀 저렴해서
0,3372098597,4,2022-02-20T17:00:34.859+0000,늘 먹고 있는건데 다 복용해서 또 주문했어요. 좋은데 크기가 조금 작았으면 해요.
1,3374224624,5,2022-02-23T12:28:14.343+0000,"요즘 눈이 안좋아진 것 같아서 사봤어요
먹은지 얼마 안되서 효과는 아직 잘 모르겠지만 효과 있었으면 좋겠네요ㅎㅎ"
2,3358349606,5,2022-02-02T07:51:01.683+0000,"요즘  몸이 좋지않아 
챙겨먹으려고 구입했어요
한살한살  먹으니 체력이 너무 좋지 않네요
ㅠㅠ 
이거 먹고 힘 팍팍 났으면 즣겠네요"
3,3373748711,5,2022-02-23T02:44:02.790+0000,"몇년째 꾸준히 먹고 있어요
포장도 잘되어있고 눈건강과 오메가3도 한번에 챙길숭있어 좋아요"
4,3373216597,5,2022-02-22T09:00:03.232+0000,가성비 좋은 제품이라 주문했네요 밀크씨슬은 덤이라 좋아요
5,3373435206,4,2022-02-22T12:51:07.315+0000,"눈건강을 위해 구매하게 되었어요
오메가3도 있어서 더 좋았어요
한달분이 통에 한꺼번에 든것보다 
캡슐이 하나하나 포장되어 좋았고
비린맛도 안나서 좋아요
다만 캡슐이 길어서 목에 걸릴까봐
먹기가 불편해요
효과는 한달이라도 먹어봐야 알수있겠죠
안구건조에도 효과있음 좋겠네요"
6,3373636353,4,2022-02-22T23:44:10.283+0000,구성이 좋아서 구매했는데 알약은 상당히 크고 딱딱해서 목넘김이 좀 안좋아요
7,3346600781,5,2022-01-14T08:14:23.827+0000,"남편꺼 밀크씨슬 주문하면서 
남동생 주려고 멀티비타민이랑 루테인오메가3도 
같이 주문했어요~
먹고있던 제품이있는것같긴한데..
이것저것 찾아보고 후기읽어보다가 가격대비해 
제품이 너무좋다는 얘기가많아서  
주문하게되었어요~^^
배송도빠르고 상품 포장도 꼼꼼히 잘되어있고 
개별포장으로 깔끔하게 한알씩  
먹기편안하게 되어있어요.
모든면서 다 만족합니다~~~^ㅇ^
재구매의사 100프로입니다~"
8,3373178066,5,2022-02-22T08:15:50.618+0000,"계속 먹고 있어요.
나이드니 눈이 많이 피곤해서..."
9,3372927563,5,2022-02-22T02:41:38.017+0000,눈영양제와 오메가3를 따로 먹었는데 1알로 충족되니 잘 복용해봐야겠어요
10,3360872943,5,2022-02-06T06:46:23.579+0000,좋아요~ 오메가3 함량된 게 좋다해서 샀는데 먹는 와중에 보니 생리량 많은 사람은 먹지말라고 하더라구요... 덕분에 오지게 쏟았네요🤦&zwj;♀️ㅋㅋ 그래도 이건 샀으니 다 먹고 앞으론 다른 더 사려구용
11,3364959677,5,2022-02-11T04:02:06.631+0000,좋아요! 먹기도 더 편하고 낱개포장이라 위생적입니다. 가격도 착하니 더 좋아용
12,3371889408,4,2022-02-20T09:41:59.023+0000,효과는 아직 모르겠네요 더 열심히 먹어봐야겠어요
13,3374090772,5,2022-02-23T09:57:01.657+0000,배송진짜 빨랐네요 계속먹는거라 또주문합니당
14,3351674808,5,2022-01-21T07:03:06.799+0000,"눈 건강을 위해서 먹던 루테인이 있었는데, 루테인하고 지아잔틴, 오메가3까지 3종 눈 건강 기능성분이 있다고 해서 가격대비 괜찮기도 하고, 조정석이 광고하는 제품이라 믿고 구입했습니다. 효과가 있는지는 더 두고봐야겠네요~"
15,3374280386,5,2022-02-23T13:32:03.221+0000,감사합니다. 잘 받았습니다.
16,3373793565,5,2022-02-23T03:50:16.296+0000,"늘 섭취해온 제품이라 재주문했습니다
많이파세요~~"
17,3358069337,5,2022-02-01T07:13:50.781+0000,"작년부터 노안이 시작돼서 눈이 굉장히 불편한 관계로조정석이 광고하는 루테인을 구입해서 3개월을 복용했는데 올해는 요걸로 픽했답니다.
복용한지 2주정되 됐는데 확실히 눈이 편안하고 맑아졌어요.신랑이랑 6통 주문해서 열심히 먹고있답니다."
18,3371950163,5,2022-02-20T11:36:28.998+0000,"몇일안먹어도 눈의 피로가 줄어든것같아요
추천드려요"
19,3365887399,5,2022-02-12T06:40:27.064+0000,"어제 주문했는데 오늘 아침에 배송왔네요~
배송 정말 놀랍습니다ㅎㅎ
부모님꺼도 주문할려구요~"
0,3365126158,5,2022-02-11T07:01:11.057+0000,눈건강 때문에 찾다가 삽니다. 가격에 만족합니다. 아직 먹지는 않았는데 효과가 있으면 좋겠습니다.
1,3359676479,4,2022-02-04T13:31:11.131+0000,우선 1알 먹는 건 장점인데 한 알이어서 인지 알이 조금 크네요.적색은 왜 굳이 들어가있는지 모르겠네요.
2,3372732746,5,2022-02-21T14:59:12.225+0000,모니터 많리 보는 지라 눈 건강을 워해 샀습니다!
3,3350344569,3,2022-01-19T12:49:07.225+0000,평소 자주이용하는 제품입니다..선물용으로 3개주문했고 쇼핑백까지 추가주문했는데...쇼핑백을 잘못보내주신건지...이사이즈가 맞는건지...담기가 참 애매하고 손잡이 잡고 들기가 흠...이렇게 담겨도 되나 싶고 들고가기도 참 기가차네요..이것때문에 기분이 상해서 별점3점 드립니다..
4,3372459639,5,2022-02-21T06:50:13.761+0000,꾸준히 먹고 있습니다 좋은 효과 기대합니다
5,3367241020,5,2022-02-14T06:13:01.596+0000,믿고 먹는 GNM 솔직히 눈은 다시 되돌리기 힘들어서 주문하기 시작했는데 합리적인 가격에 만족합니다.
6,3372708562,5,2022-02-21T14:05:20.561+0000,배송이 빠르고 생각보다 알이 크지만 잘 넘어가요!
7,3369968322,5,2022-02-17T14:20:08.314+0000,택배파업때문에 받는게 늦엇지만 그거야 택배사 사정이라 이해합니다
8,3371655030,5,2022-02-20T02:27:14.129+0000,시골 부모님 주문해드렸더니 많이 좋아하세요
9,3367918263,5,2022-02-15T06:37:18.070+0000,"눈이 침침해서 먹기 시작했어요
효과있으면 좋겠네요"
10,3374231630,5,2022-02-23T12:36:15.825+0000,눈건강이 좋아지길 바라봅니다~~
11,3358998172,5,2022-02-03T14:12:49.643+0000,"목걸림없이 먹기 쉬워요
종일 pc보고
퇴근할때면 빛번짐이 있었는데 좋아진것 같아요.
스마트폰 보다가
한알먹고자면 덜 피곤한 느낌이 들고
잘 챙겨먹고 있어요^^"
12,3373098428,5,2022-02-22T06:41:37.231+0000,"매번 먹던거

어제 저녁 주문
오늘 낮 도착.!"
13,3367789213,5,2022-02-15T03:51:28.170+0000,"설선물 좋았습니다.^^
쇼핑백 추가해서 구매했어요."
14,3374208928,5,2022-02-23T12:10:59.484+0000,아주저렴하고 좋아요
15,3372507393,5,2022-02-21T08:10:41.817+0000,백신 맞고 나서 두통이 좀 심해져서 눈부터 통증이 심해지길래 루테인 구입했어요 꾸준히 복용하니 두통이 없어지더라구요 오메가쓰리도 복용해야해서 같이 들어있는 걸로 구입했습니다
16,3373846064,5,2022-02-23T05:01:03.221+0000,다 떨어지면 또 사러올게요~~
17,3357088762,4,2022-01-29T06:01:00.475+0000,루테인지아잔틴아스타잔틴 먹다가 안구건조증에 도움이 될까하여 이번엔 이 제품으로 구매해봤어요. 제품열어보고 약이 너무커서 깜짝 놀랐너요. 오메가3가 포함돼 그런가보네요. 안구건조증에도 효과가 있었으면 좋겠어요.
18,3373624918,4,2022-02-22T23:16:33.426+0000,좋아요 믿고 먹겠습니다.
19,3373091820,5,2022-02-22T06:33:19.474+0000,배송이 정말 빠르네요
0,3374320846,5,2022-02-23T14:24:48.031+0000,먹기편하고 좋아요!
1,3370692211,5,2022-02-18T12:26:11.906+0000,배송도 빠르고 저렴하게 잘 구매했어요
2,3373234433,5,2022-02-22T09:21:23.365+0000,늘 먹던 제품입니다
3,3370771422,5,2022-02-18T14:34:15.032+0000,눈건강 생각해서 꾸준히 먹으려고 합니다 :)
4,3374222310,5,2022-02-23T12:25:39.697+0000,배송도 상품도 맘에 들어요...
5,3371656714,5,2022-02-20T02:29:20.902+0000,세번째사서 먹는데..눈이 편해요
6,3368676884,5,2022-02-16T04:42:37.133+0000,역시 배송도 빠르게 오고 먹기에도 굉장히 좋습니다!
7,3362529390,5,2022-02-08T09:13:19.006+0000,위건강하고 같이 구매했어요 가격이 좋고 배송이 빨라서 꾸준히 구매할 것 같아요
8,3372976975,5,2022-02-22T03:55:44.402+0000,늘 챙교먹고 있어요.
9,3369613269,5,2022-02-17T06:43:38.275+0000,배송도 빠르고~효과를 기대하고 잘먹을께요^^
10,3365881854,4,2022-02-12T06:33:06.297+0000,여러개 챙겨먹기 힘들었는데 이거 하나로 눈건강 영양제는 만족하네요.
11,3370720495,5,2022-02-18T13:08:51.816+0000,계속 복용중~ 빠른배송 감사합니다
12,3371570528,5,2022-02-20T00:32:11.266+0000,배송도빠르고 포장도 만족해요
13,3354183608,5,2022-01-25T03:09:06.811+0000,필요한 성분이필수적으로들어가있는듯해좋아요
14,3369842846,5,2022-02-17T11:32:14.469+0000,더 나빠지기 전에 드시라고 권합니다
15,3363417479,5,2022-02-09T08:33:40.127+0000,부모님 사드렸는데 너무 좋아하시네요~!! 만족해요 ㅎㅎ 꾸준히 사드려야 겠어요 ㅎ
16,3361311806,5,2022-02-07T01:27:25.207+0000,계속 챙겨먹이는 영양제 중 하나입니다 효과있겠죠?ㅎㅎ 배송 빨라서 좋아요
17,3371697664,5,2022-02-20T03:29:39.171+0000,저렴하게 잘샀습니다
18,3351176439,5,2022-01-20T13:45:00.918+0000,"밀크씨슬먹고 효과를 봐서 같은브랜드꺼로 영양제 싹 바꾸려고 구매했어요.
라방때 구매해서 사은품으로 한박스 더 받을수 있어서 더더더 좋았어요.
다 먹으면 또 구매할겁니다!!"
19,3367404477,5,2022-02-14T11:01:22.371+0000,늘 먹는 약이예요..요거먹고 눈피로감이 좋아졌어요
0,3371853237,5,2022-02-20T08:27:29.234+0000,맨날먹는거 배송 빠름~
1,3349737589,4,2022-01-18T23:11:36.628+0000,"어제 라이브 방송중에 구매했습니다.
3+1으로 이득봤네요.
배송은 다음날 바로왔습니다.
배송 굉장히 빠르네요.
방송이 저녁7시였는데 퀵배송이네요.
비타민제로 계속 먹고있어서 만족합니다.
많이 판매하세요."
2,3367699585,5,2022-02-15T01:55:49.808+0000,다른거 먹다 주문했는데 효과 있음 좋겠어요
3,3364058760,5,2022-02-10T03:37:04.557+0000,배송 빨리왔구요 한번 잘먹어보겠습니다
4,3362359692,5,2022-02-08T06:08:20.198+0000,"이번이 두번째 구매에요
갱년기접어드는 신랑 주려구요^^"
5,3358549104,5,2022-02-02T20:35:32.618+0000,부모님과 함께 꾸준히 먹고 있습니다..효과 많이 보고 있어요..부모님도 눈이 훨씬 편안해지셨다며 좋아하십니다!
6,3350027257,5,2022-01-19T06:41:18.954+0000,완저 총알배송이네요~어제라방때주문했는데 벌써도착했어요~^^cj라 좀걱정했었는데~신랑이랑먹을려고 두셋주문했어요~재구맨대 열심히 잘챙겨먹고있어요~꾸준히 먹으면 좋아지겠죠?^^
7,3365868358,5,2022-02-12T06:15:19.265+0000,"늘 구매하는 제품입니다
배송 엄청 빠르고 포장도 좋아요"
8,3364930289,5,2022-02-11T03:35:56.935+0000,효과는 더 두고봐야 알겠지만 하루에 한알씩 챙겨먹고 있어요~
9,3365366894,5,2022-02-11T12:20:39.282+0000,가격도 저렴하고 편하게 먹기 좋아 계속 구매해서 먹고 있어요~
10,3354515043,4,2022-01-25T10:46:46.905+0000,배송도 빨랐구요.눈이 자주 피곤하고 침침해서 먹어볼려고 시켰는데 아직은 잘 모르겠습니다.꾸준히 먹어봐야죠.
11,3353879845,3,2022-01-24T12:23:46.605+0000,"오메가3와 루테인 지아잔틴을 함께 복용할 수 있고, 할인이 많이 되어 가격이 저렴해서 좋아요. 개별 포장에 유통기한도 넉넉하네요. 먹어보고 특히 피곤한 눈에 효과가 있으면 재구매 하려고 합니다."
12,3372494050,5,2022-02-21T07:47:38.799+0000,"계속 먹고 있던 보조제
조금 남아서 주문했네요
건강에 도움이 되길 바라면서 꾸준히 복용중 입니다"
13,3371111722,5,2022-02-19T05:18:11.643+0000,건강해지는기분입니다~^^^
14,3360556484,5,2022-02-05T15:32:29.500+0000,"비린 맛도 없고 하루에 한 알이라 좋아요~
너무 크지도 않아서 먹기 편해요"
15,3363641310,5,2022-02-09T12:31:50.831+0000,"저렴한 가격으로 대량 구매해서
가성비 좋고 꾸준히 먹도록 하겠습니다"
16,3356751549,5,2022-01-28T12:13:33.547+0000,"MSM, 양배추즙, 밀크씨슬에 이어 루테인 지아잔틴 오메가3까지!! GNM이죠!!
가격 인상되기 전 미리 구매해둬서 기분 좋네요 ㅎㅎ
목 넘김도 좋고 만족합니다!"
17,3361735412,5,2022-02-07T09:32:57.607+0000,재구매에요.온식구가 먹어서 저렴히 잘샀어요
18,3368162486,5,2022-02-15T11:09:30.014+0000,정말 잘샀어요. 굿굿
19,3374468395,3,2022-02-24T00:34:50.750+0000,다른 오메가3 먹다가 루테인 함유된 오메가3로 바꿔봤어요 어취는 약간 있는것같아요
0,3367201867,5,2022-02-14T05:13:22.933+0000,배송도 빠르고 포장도 꼼꼼하게 잘왔어요
1,3367277353,4,2022-02-14T07:11:53.404+0000,꾸준히 먹고 있어요. 괜찮아요~~~~
2,3367432251,5,2022-02-14T11:49:02.447+0000,영양제로 올해 건강 잘챙겨볼게요~^^
3,3362367456,5,2022-02-08T06:17:17.927+0000,신랑이 지아잔틴 먹으니 피로도가 덜하다고 해서 주문해보았어요
4,3367728645,4,2022-02-15T02:27:16.313+0000,배송도 빠르고 가격도 안족하네요
5,3358296114,5,2022-02-02T05:03:15.712+0000,"선물용 사면서 제가 먹을 것 까지 구매했어요
설 끝나면 먹기 시작할거예요ㅎㅎ"
6,3358295960,5,2022-02-02T05:02:40.052+0000,"선물용 사면서 제가 먹을 것 까지 구매했어요
설 끝나면 먹기 시작할거예요ㅎㅎ"
7,3359340118,5,2022-02-04T07:28:52.715+0000,눈이 많이 안좋아져서 먹기 시작했는데 알이 좀 크지만 크게 불편한건 없습니다 계속 복용하면 눈이 좋아지겠죠
8,3359351360,5,2022-02-04T07:42:18.399+0000,세가지를 한번에 다 섭취할수있어서 넘 편해요 ㅎㅎ만족합니다!!
9,3358931593,4,2022-02-03T12:09:22.601+0000,"오메가와 루테인을 한번에 섭취하니 편해요.
가격대비 성분도 좋아요"
10,3354960327,5,2022-01-26T03:08:16.683+0000,매번 주문하는 제품이예요~자연의품격 제품들 거의 애용하고 있는데요~~가격대비 너무 제품들이 좋은것같아요~주변지인들에게도 두루두루 챙겨주는 제품들입니다~^^
11,3373057202,4,2022-02-22T05:48:22.572+0000,"영양제는 항상 여가서 주문해서 먹어요
요즘 한동안 안먹다가 다시 제주문했네요~"
12,3362013879,5,2022-02-07T21:35:54.588+0000,"떨어지기전에 구입
배송 무지 빠름, , ,!ㅋ"
13,3352520649,3,2022-01-22T10:37:06.754+0000,rtg오메가3를 구입하려했다가 잘못 주문하긴했으나 평이 괜찮아 반품안하고 먹으려 하네요
14,3366226164,5,2022-02-12T15:06:28.187+0000,성분은 좋은데 가격은 저렴해서 만족합니다.
15,3357734451,5,2022-01-31T01:25:33.567+0000,한알 사이즈가  좀크긴하지만 익숙해지니 목넘김괜찮아요. 아이들도 함께 먹고있어요
16,3366583885,5,2022-02-13T07:21:34.168+0000,라이브로 좋은 구성 구매했어요^^
17,3353616046,4,2022-01-24T04:58:10.301+0000,"하루에 한 개 먹는 거여서 분리해서 먹을 수 있었으면 했는데 안 잘려서 별 하나를 뺐어요. 나머지는 배송도 빨랐고, 포장도 잘 되었고, 유통기한도 넉넉했습니다."
18,3373998602,5,2022-02-23T08:02:57.636+0000,포장도 잘 되었고 배송이 빨라 좋았습니다. 약효는 한 달 뒤에~
19,3358504861,4,2022-02-02T14:45:45.974+0000,"23년10월10일까지
루테인 세일 때 구매하니 좋아요.
꾸준히 먹어야 효과볼듯"
0,3361007584,5,2022-02-06T10:55:07.856+0000,눈은 좋아지지 않죠..더 나뻐지기전에 지켜야 할거같아서 구입했습니다.
1,3360875378,5,2022-02-06T06:50:41.773+0000,신뢰하는 GMN이라 영양제도 주문해봅니다 먹어보고좋으면 재구매할께요 ~
2,3350437247,5,2022-01-19T14:44:46.958+0000,"쇼핑라이브때 구매해서 1통 더 받았습니다.
저렴하게 구매해서 좋습니다.
루테인과 오메가3. 복합제품이라 간편할 것 같습니다. 부모님 보내드렸는데 만족하시면 꾸준히 구매 할 생각입니다. 배송은 하루만에 왔습니다."
3,3350529068,5,2022-01-19T23:08:53.216+0000,"예전에 먹던 루테인과 사이즈는 비슷해서 먹기에 불편함은 없었습니다! 포스트잇 붙여서 사이즈 보여드립니다! 지금 먹은지 일주일 밖에 안되서 잘 모르겠지만, 그냥 루테인보단 더 좋지 않을까 기대하고 있습니다! :)"
4,3320299278,5,2021-12-09T04:38:29.741+0000,"왕복 3시간을 운전하다보니 야간운전하는 날이 많아졌어요. 눈이 건조해서 자꾸 깜박거리다 보니 노화도 걱정되고 눈케어를 시작해야겠다 싶어서 찾아봤어요.

루테인과 지아잔틴을 한번에 먹을 수 있어야 간편할것 같아 1일 최대 섭취량이 들어있는 것으로 선택했지요.

마리골드 꽃에서 추출한 루테인과 지아잔틴 복합추출물은 노화로 감소될 수 있는 황반색소밀도를 유지하는데 도움을 준다고 해요.

체내 합성이 안되어 건강기능식품으로 보충해야하는거 아시죠? 

비타민과 아연, 오메가3까지 한번에 챙길 수 있는 GNM 루테인 지아잔틴 오메가3 크리스마스 선물같네요^^

이사와 야간운전으로 너무 힘들었는데 눈건강 챙기면서 건강하게 지내야겠어요.

* 제품을 제공받아 솔직하게 느낌을 담았어요."
5,3372940597,5,2022-02-22T03:00:19.258+0000,착한가격이라 구매했어요 친정아버지 선물로 드렸답니다
6,3352021693,4,2022-01-21T15:53:20.304+0000,"일단 한달 꾸준히 먹어봤는데 플라시보 효과일수도 있겠으나 저는 효과가 있었습니다
컴퓨터를 오래 붙잡고 하는 직업이라서 안구 떨림과 안구건조증으로 많이 힘들었는데
눈의 떨림은 없어졌고 건조증은 완전히 해결된건 아니나 좋아졌다는걸 느낍니다"
7,3354266078,5,2022-01-25T05:15:25.299+0000,매번 느끼는 거지만 배송 진짜 총알이네요.택배사 파업하는 걸로 아는데 하루만에 왔네요.항상 잘 먹고 있습니다.많이 파세요.
8,3366431195,5,2022-02-13T02:56:53.548+0000,항상 먹는 제품 입니다
9,3361639814,5,2022-02-07T07:16:31.285+0000,"알이 생각보다 크긴 하지만
꾸준히 먹어보려고 합니다."
10,3362565749,5,2022-02-08T09:52:28.675+0000,자주구매합니다.  가성비 갑!!!
11,3338689282,5,2022-01-04T06:56:12.993+0000,"31일에 주문해서 오래 걸릴 줄 알았는데 생각봐 훨씬 빨리 도착했어요 감사합니다
아빠가 루테인 드시고 병원에서 많이 좋아졌다는 얘기를 들으셔서 계속 사드리려구요"
12,3355616005,4,2022-01-27T00:41:31.247+0000,"루테인오메가만 주문했는데 이제 이걸로 바꾸려구요
성분이 더 들어가있으니 눈에 좋겠죠~"
13,3362242477,5,2022-02-08T03:52:53.303+0000,기분탓인지 건강이 좋아지는거 같아요~
14,3355991017,5,2022-01-27T09:50:05.880+0000,엄마 선물로 샀는데 괜찮은 것 같아요 안구건조가 심하신데 효과를 기대해 봅니다
15,3373428821,4,2022-02-22T12:44:34.565+0000,오메가3와루테인지아잔틴 복합영양제 하루1캡슐 좋아서 6개월먹고재구매했어요 좋아요
16,3374452522,5,2022-02-24T00:12:21.522+0000,"배송 바로 빡..
먹어봤는데  바로 잘보이는듯..
플라시보효과인듯.."
17,3374012346,5,2022-02-23T08:19:01.251+0000,"빼송이 빨라서 좋고
종류가 많아서 한 곳에서 주문할 수 있어 편리합니다."
18,3363968725,5,2022-02-10T01:46:41.145+0000,잘받았어요수고하세요
19,3350989027,5,2022-01-20T10:00:19.359+0000,"배송이 정말 빨라서 깜짝 놀랐어요. 저녁 8시에 라이브 보고 주문했는데 다음날 아침쯤 도착했어요. 
먹던 제품인데 설 특집으로 저렴하게 구매해서 좋네요!"
0,3355765284,5,2022-01-27T04:30:32.651+0000,부모님이 잘 드시는 제품이에요~~ 효과가 괜찮은것같다고 하시네요! 배송도 빠르고 제품도 좋아요!
1,3345785196,5,2022-01-13T08:57:02.488+0000,"장시간 운전을하는 남편에게
루테인먹어보자고했더니 
무슨효과가 있겠어? 라고 그러더니
다먹어갈때쯤 몇개안남앗다고
재촉합니다
눈이 뻑뻑했는데 덜 피로하다네요
효과가 좋나바욤
어제 자기전에 주문했는데 아침에 택배와있어서 또 한번 감덩"
2,3361933037,5,2022-02-07T14:14:24.388+0000,너무좋아요. 매일매일 함께해요.
3,3363769262,4,2022-02-09T15:00:48.540+0000,배송도 빠르고 상품도 만족합니다
4,3360761685,5,2022-02-06T03:28:04.481+0000,배송빠르고 안전하게 포장되어서 왔어요
5,3367747461,5,2022-02-15T02:50:57.376+0000,"한달치를 다먹고 두달째 먹고있네요.
눈이 꾸준이  관리해야되는거라.
계속 먹어줘야 겋어요."
6,3350649949,5,2022-01-20T02:19:29.271+0000,"GNM은 자주 보았는데 처음 주문했습니다~ 밀크씨슬 찾다가 Live방송이 있길래  기다렸다가 루테인 구매했는데 이것도 필요하거든요
먹어서 효과 좋으면 좋겠네요"
7,3366092719,5,2022-02-12T11:34:45.270+0000,"루테인 오메가 먹다가 다 떨어져서 멀티비타민,어린이비타민 영양제도 함께 구매했습니다. 가격과 제품 모두 만족합니다."
8,3374040036,5,2022-02-23T08:51:40.519+0000,"빠른배송이 좋아요~~
건강해지겠어요~"
9,3350477816,5,2022-01-19T16:17:07.210+0000,"2년전에 우연히 알게된후 섭취해보고 효능을 느낀다는 신랑 이후 주변에 선물도 많이하고, 꾸준히 섭취하려고 쟁였습니다. 사실 지난주에 구입했는데ㅋㅋ 또삼"
10,3350210202,5,2022-01-19T10:23:46.827+0000,"어제 라이브방송 타임할인 알림문자 받고,  3+1행사로 주문해서 3세트.. 12박스 잘 받았어요^^
부모님도 드리고 저도 먹고, 행사덕분에 넘 저렴하게
잘 구매했습니다! 감사합니다♡♡♡"
11,3362004271,5,2022-02-07T18:54:26.483+0000,이거 은근 효과있는듯 해요
12,3358027348,5,2022-02-01T03:55:39.586+0000,설선물로준비햇어요저렴하게잘샀어요
13,3350536018,5,2022-01-19T23:29:52.955+0000,"저는 신바이오틱스, rTG 오메가3, 지아잔틴 제품을 꾸준히 구매 복용하고 있는데, 엄마 드시던 것이 똑 떨어지던 찰나에 저렴하게 구매했어요! 이번에도 꾸준히 복용하려고요~^^"
14,3372958928,4,2022-02-22T03:29:03.212+0000,효과는 먹어봐야알겠지만 사이즈가 조금작았으면 좋겠어요
15,3373141176,3,2022-02-22T07:33:16.314+0000,간편한 복용이네요. 효능은 잘모르겠네요.
16,3370570580,5,2022-02-18T09:27:25.669+0000,"원래 먹던 영양제인데 다 먹어서 재구매합니다
영양제 얼마 안남아도 두렵지 않은 총알배송 ㅋㅋ
배송 진짜 겁나 빨라요 ㅋㅋ"
17,3350279283,5,2022-01-19T11:39:56.693+0000,"루테인 오메가3 제품먹다가 지아잔틴 추가된 제품으로 구매해 보았습니다~
알약이 좀 크긴 하지만 루테인과 오메가3 같이 먹음 좋다하여 구매합니다"
18,3373026135,5,2022-02-22T05:05:19.599+0000,배송도 빠르고 좋은제품 저렴하게 살수있어 너무 좋습니다
19,3362202827,5,2022-02-08T03:13:53.759+0000,"저번에 선물용으로 구입하고 
이번엔 제껄로 두번째 구매입니다. 
배송도 빠르고! 제가 원하던 루테인과 오메가를 한번에 먹을수 있어서 맘에듭니다"
0,3367638897,5,2022-02-15T00:43:15.240+0000,잘  먹 고  있습니다  부모님과  저희가족  모두  먹 기에  가격도 저렴ㅎ하고  만족합니다
1,3360496853,5,2022-02-05T13:55:29.838+0000,행사할때 다같이 잘 구매했어요
2,3367707616,4,2022-02-15T02:04:26.956+0000,"꾸준히 먹고 있는 루테인~~
이번엔 오메가3가 포함되어 있어서
새로 구매해봤어요 영양가도 풍부해졌으니
더 좋아지겠죠~감사합니다^^"
3,3358124904,5,2022-02-01T11:27:39.977+0000,"루테인과 오메가3가 함께들어서 편해요
꾸준히먹고 있습니다"
4,3350127093,5,2022-01-19T08:40:32.189+0000,"라이브방송때 사니 혜택이 좋네요.
콜라겐도 같이 구매했는데 없어서 빠졌나 싶었는데 따로배송 ㅠ.배송비 무료지만 아깝네요.같이 보내주시지"
5,3356014282,5,2022-01-27T10:24:25.076+0000,지아잔틴도 포함이라 주문했어요 효과 좋길 기대합니다
6,3372679040,4,2022-02-21T13:14:31.523+0000,"적당한가격에  루테인과 오메가3까지 
편하게 잘먹고 있습니다"
7,3350531765,5,2022-01-19T23:17:45.478+0000,라방에서 너무 좋은가격에 샀어요~!!!^^ 부모님이 항상 여기껏만 드시는데 잔뜩 사드렸더니 너무 좋아하시네요~!!^^ 다음 라방에도 꼭 득템하려합니다.
8,3359747995,5,2022-02-04T15:15:54.068+0000,루테인은 필수니까 잘 챙겨 먹고 있어요 :)
9,3350035956,3,2022-01-19T06:52:13.541+0000,행사기간이라 1박스더받았어요 가격도부담없고 루테인지아잔틴 오메가3 한알만 먹음돼고 좋은효과잇기를 기대합니다
10,3317857586,5,2021-12-06T02:26:39.614+0000,"기존에도 GNM 유산균을 먹고있었는대
부모님들이 요새 눈이 침침하고 건조하다고 얘기하셔서
GNM 루테인 지아잔틴 오메가를 구매해보았어요
후기랑 성분을 잘 따져서 선택했는대 배송도 참 빠르고
오메가과 눈건강까지 같이 케어할수 있는게 가장 좋은점같아요
또 개별캡슐로 포장되어 있어서 변질된 우려도 없고
오메가약의 특유의 냄새도 안나서 먹기도 부담없었어요
그래서 요새 눈이 침침하다고 하는 남편도 사서
 출근전에 챙겨주고 있어서
아연과 비타민까지 함유되어서 1알로 모든결 해결하네요!!!
앞으로도 계속 GNM으로 주문할거같네요"
11,3360708929,5,2022-02-06T02:01:25.678+0000,좋아거 같아요 꾸준히 먹어보려구요
12,3372379088,4,2022-02-21T04:45:09.151+0000,"알이 좀 크긴하지만 
확실히 안먹을때 보다 효과가 있네요"
13,3373270053,5,2022-02-22T10:02:51.707+0000,항상 엄마가 드시는 루테인을 요기서 구입합시다
14,3361092478,4,2022-02-06T13:03:25.448+0000,좋아요 맘에들어요 수고하세요
15,3352182114,5,2022-01-22T02:16:09.381+0000,"알이 생각보다 마니 크네요.
코스트* 오메가3  크기만합니다.
큭 전 못먹겠습니다.
영양성분은 만족합니다."
16,3351364123,5,2022-01-21T00:57:54.046+0000,조정석이라 샀어요~ ㅎ 컴퓨터 작업을 많이 하다보니 눈 보호가 중요할것 같아서요~ 먹고 좋으면 재구매 입니다.
17,3358835188,5,2022-02-03T08:55:29.980+0000,저렴하게 잘 구매한것 같아 만족합니다
18,3357220863,5,2022-01-29T12:04:36.398+0000,대량구매 했어요 지아잔틴 좋다고 이거 샀네요
19,3358124330,4,2022-02-01T11:25:24.822+0000,"벌써3번째주문입니다
선물하기좋아요 많이파세요"
0,3355450323,5,2022-01-26T13:54:20.055+0000,"라이브때 저렴하게 잘 구입함
다만 과대포장이 심한듯"
1,3351395044,4,2022-01-21T01:31:54.762+0000,"나이  한 살, 한 살 드니까 눈도 하루하루 다르더라구요
챙겨먹어야지 하다 이제서야 먹어봅니다~
4일째인데 눈이 밝아진 느낌입니다~^^"
2,3350285829,5,2022-01-19T11:46:44.947+0000,"어제 저녁 라이브때 구매했는데 오늘저녁에와서
하나 먹었어요. 3+1좋아요.GNM3가지 영양제 먹고있네요.만족합니다. 앞으로도함께해요♡"
3,3362830064,5,2022-02-08T13:49:01.716+0000,엄청 일찍 왔어요.
4,3374374973,5,2022-02-23T16:21:14.218+0000,나이가 있는지라 남푠이랑 같이 챙겨먹어요~~^^
5,3359225454,5,2022-02-04T04:49:53.950+0000,늘 먹던 제품이라 재주문했어요
6,3358126026,4,2022-02-01T11:32:31.143+0000,"선물포장용 으로 구입했습니다
꼼꼼한포장으로 선물하기 좋아요"
7,3367054328,5,2022-02-14T02:17:46.920+0000,오메가까지 들어 있어서 좋을 것 같아서 구매해 봤어요 GNM 제품은 항상 구매했었네요~ 좋아요
8,3358666307,5,2022-02-03T03:36:03.071+0000,눈이 안좋아서 꾸준히 재구매중이에요~
9,3372920159,5,2022-02-22T02:31:52.953+0000,6개씩묶여 여행갈때 가지고 다니기 편리합니다
10,3351351575,5,2022-01-21T00:42:41.998+0000,루테인이 눈 보호에 필요할 거 같아 주문했습니다 컴퓨터 핸드폰에 너무 눈이 혹사되는 거 같아서요 효과있으면 좋겠네요
11,3374410998,5,2022-02-23T22:11:10.953+0000,"재구매할생각입니다
잘먹고있어요"
12,3359757042,5,2022-02-04T15:36:10.532+0000,꾸준히 챙겨먹고 있는 제품이요!
13,3374476669,5,2022-02-24T00:45:49.875+0000,건강에 좋다하여 구매 하였습니다
14,3358211037,5,2022-02-01T22:00:43.136+0000,만족해요. 재구매 의사 있어요
15,3373280907,5,2022-02-22T10:14:43.548+0000,앞전에 먹어보니 괜찮아서 재구매했어요
16,3368677496,5,2022-02-16T04:43:20.428+0000,역시 좋습니다. 다음에도 여기서 꼭 시켜먹을 겁니다.
17,3357620222,3,2022-01-30T12:47:48.301+0000,후기가 좋아 엄마 사드렸는데 좋다하시면 또 주문할께용~
18,3358532356,5,2022-02-02T16:35:09.773+0000,계속 먹는 제품입니다...좋은 가격 감사해요
19,3350540039,5,2022-01-19T23:39:47.192+0000,원래 먹던 루테인인데 떨어져서 다시 주문했어요.  안 먹으면 티가 나는 것 같아요. 남편이랑 잘 챙겨 먹으려구요~
0,3321073002,5,2021-12-10T03:32:36.746+0000,"40대가 되면서 눈이 침침해지고 노화가 오는 것 같아서 오메가 3랑 루테인은 꼬박 챙겨먹고 있는데 2가지를 한번에 먹을 수 있는 제품이 있었다니 바로 바꿨어요.
이전엔 매일 오메가3 두알, 루테인 1알 이렇게 따로 먹어야했는데 하루 한 알이면 해결되서 너무 편해요. 거기다가 지아잔틴이랑 아연 셀레늄까지 포함되어 있고 오메가랑 루테인 따로 사먹을 때보다 3개월치 가격도 합리적이라 눈 건강 영양제로는 쭉 요걸로 챙겨먹으려고요."
1,3353109782,5,2022-01-23T09:58:56.441+0000,루테인 잠깐 멈췄다가 눈이 자꾸 피곤해서 다시 시작했어요. 꾸준히 먹어야지요
2,3372818747,3,2022-02-22T00:23:49.037+0000,어머니께서 드시고 건강해졌으면 좋겠습니다.
3,3353483001,5,2022-01-24T02:07:07.700+0000,추천받고 직접 먹어보고 주문했어요 목넘김 부담스럽지 않고 좋네요
4,3347189371,5,2022-01-15T05:06:55.993+0000,배송 빨랐고요 알은 큰 편이고 초콜렛향같이 납니다. 효과는 일단 다 복용해봐야 알겠지요. 가격대도 나쁘지 않아서 현재로선 만족합니다.
5,3353534262,3,2022-01-24T03:01:54.662+0000,"루테틴 오메가3 한꺼번에 먹을 수 있어서 좋아요
자주 먹어서 먹기도 편해요"
6,3358957378,5,2022-02-03T12:54:47.082+0000,다먹고또재구매햇습니다 좋아요~~
7,3356741941,5,2022-01-28T11:53:16.216+0000,산랑 눈 건강을 위해 샀어요 ㅎㅎ 효과 좋았으면 ^^
8,3350165182,5,2022-01-19T09:28:58.220+0000,"밀크씨슬 구매한다는걸 루테인을,,, 루테인 쟁여놓은제 얼마안됐는데ㅋㅋ 유통기한 넉넉해서 쌓아두고 먹어야겠어요"
9,3358861620,5,2022-02-03T09:54:13.419+0000,"잘 받앗습니당~
효과 좋으면 좋겟어용!"
10,3359195947,5,2022-02-04T04:00:47.713+0000,먹던거 다 떨어져서 다시 샀어요~~~
11,3362124182,5,2022-02-08T01:52:12.519+0000,요즘 눈이 피로하고 건조해서 선택했는데 루테인 지아잔틴에 비타민 A E B등이 들어있네요 이 한알로 여러가지가 해결되네요^^
12,3354487140,5,2022-01-25T10:13:28.839+0000,"23년 9월까지네요
최근거 보내신건 아닌가봐요
제품은 믿고 먹어볼께요"
13,3374249045,5,2022-02-23T12:56:10.124+0000,확실히 눈이 좋아진걸 느낌니다.
14,3353599146,5,2022-01-24T04:33:09.733+0000,밀크씨슬 먹어보고 괜찮아서 루테인도 구매했어요. 좋습니다.
15,3345433021,4,2022-01-13T01:30:40.537+0000,"나이가 드니 눈이 건조하고 침침해서 눈에 좋은 루테인을 찾다가 여기 제품이 오메가랑 루테인이 같이 들어 있어 구매했어요. 하루에 한 알씩만 먹는것도 맘에 들고
크기는 크지만 먹을 만 했어요."
16,3355896755,5,2022-01-27T07:35:21.086+0000,오늘부터 챙겨 먹어보려구요^^ 감사합니다
17,3350365153,5,2022-01-19T13:11:28.697+0000,원래먹던 제품인데 좋은 기회에 재구매했습니다~ 구매 다음날 바로 배송해주셔서 깜짝 놀랐어요 ㅎㅎ
18,3373486058,4,2022-02-22T13:47:21.618+0000,지인이 추천해줘서 구매했어요
19,3363971840,4,2022-02-10T01:50:16.662+0000,"알이 좀 크긴한데 잘 넘어가긴하네요~
눈건강을 위해 구입했는데 먹고 효과보면좋겠네요~"
0,3374551902,5,2022-02-24T02:30:01.641+0000,부모님이 잘드시고 계세요.
1,3374559337,5,2022-02-24T02:40:26.567+0000,가격이 저렴하고 좋아요
2,3357339652,5,2022-01-30T00:16:40.279+0000,루테인이랑 오메가3를 한번에 섭취하니 간편합니다
3,3359130440,5,2022-02-04T01:56:40.826+0000,항상 구매하고 있어요
4,3367802007,5,2022-02-15T04:09:20.017+0000,조정석 루테인 좋아요 재 구매 의사 있습니다
5,3319223828,5,2021-12-07T17:09:04.778+0000,"이제 슬슬 챙겨먹을 때가 된 것 같아서 루테인과 오메가3를 먹기 시작한 40대입니다 ㅋㅋㅋ

처음에는 루테인 따로 오메가3 따로 먹고 있다가

오매, 요즘에는 이렇게 한알로 뚝딱 둘 다 해결이 되는 제품이 나왔네요?

그렇잖아도 매일매일 여러 알 챙겨먹기 여간 귀찮은게 아니었는데 반가운 제품입니다^^

개별포장되오 있어서 산패 걱정도 없고, 캡슐 표면도 매끄러워서 꿀꺽 목구멍으로도 잘 넘어가네요

먹고나서도 올라오는 향 같은것도 느껴지지 않아 마음에 듭니다^^"
6,3355408836,5,2022-01-26T13:03:44.081+0000,갖고 다니기에도 편하고 알이 크긴한데 그래도 잘넘어가는편이에요
7,3350066422,5,2022-01-19T07:29:20.012+0000,"명절 선물로 보내드렸어요
안그래도 필요하던 차라며 
좋아하시네요
빠른 배송 감사드립니다"
8,3354623438,5,2022-01-25T12:39:06.967+0000,배송 빠르네요 가격도 좋고 제품은 평좋아 샀어요
9,3348659846,5,2022-01-17T09:10:48.131+0000,"기존에 먹던 보조식품을 이번에 바꾸면서 구매했어요.
좋아진다는것보다는 더 나빠지지만 않으면 좋은 식품이라고 생각해요."
10,3344486962,5,2022-01-11T17:20:25.559+0000,"아버지 영양제 챙겨드리느라 늘 주문해요
배송도 빠르고 포장도 꼼꼼히 오네요
저렴한 가격에 필요한 영양소들 꼼꼼히 따져
세달치씩 드시게끔 주문해 드리며는
한동안은 마음이 편하네요 ◡̈"
11,3368299034,4,2022-02-15T13:23:06.818+0000,"좋다하니 먹는
한알로 루테인 지아잔틴 오메가까지 해결된다는 편리함"
12,3372857237,5,2022-02-22T01:18:43.633+0000,먹고나면 조금 울렁거리는 듯
13,3371417767,5,2022-02-19T13:05:30.874+0000,아직 안먹어봣어여  잘먹을게여 눈에좋데서
14,3357504146,5,2022-01-30T06:25:01.848+0000,"포장도 잘 되있고 깔끔합니다..!
잘먹겠습니다 감사해요!"
15,3363011395,5,2022-02-09T00:07:56.091+0000,"알이 큰편이긴하지만 목넘김괜찮고 가성비도좋아서 재구매하려고해요.
눈이 덜시려요"
16,3355138442,5,2022-01-26T07:33:38.746+0000,잘 챙겨먹어볼게요~~ 빠른 배송 감삼다~
17,3358856274,3,2022-02-03T09:41:33.236+0000,먹어봐야 알 것 같아요 ㅎㅎ
18,3371657855,4,2022-02-20T02:30:47.301+0000,처음 먹어보는데 괜찮은거 같아요
19,3354311721,5,2022-01-25T06:21:53.882+0000,배송도 빠르고 좋아요~! 잘챙겨먹고 또 주문할게요~!!
0,3372133369,5,2022-02-20T23:22:39.821+0000,좋은 상품 잘 사용하고 있습니다.
1,3352540264,5,2022-01-22T11:06:45.439+0000,눈 건강 챙기려고 주문했습니다. 배송도 빠르고 좋았어요.
2,3357850416,5,2022-01-31T08:38:18.803+0000,먹기 전 후가 확실히 다르네요
3,3371717380,5,2022-02-20T04:04:30.575+0000,다른 불편함없이 잘먹고있어요
4,3351444401,5,2022-01-21T02:22:25.266+0000,라방특가로 구매했어요 배송도빠르고 재구매 의사있습니다
5,3349981674,5,2022-01-19T05:43:20.118+0000,"좋은제품 할인가에 잘 산것 같아 좋으네요.
열심히 먹고 재구매하러 오겠습니다^^"
6,3373878087,5,2022-02-23T05:41:45.578+0000,배송빠르고 무지 빠르고 좋아요.
7,3358807554,3,2022-02-03T08:02:54.875+0000,열심히 먹어 볼게요.
8,3353389347,5,2022-01-24T00:19:39.336+0000,멀티비타민 먹어봤는데 크기도 적당하고 하루 한알만 먹어도 돼서 좋네요
9,3321651950,5,2021-12-10T23:40:57.651+0000,건강검진 후 오메가3 복용이 필요할 듯 하여 주문했어요. 이건 오메가3 뿐만 아니라 루테인도 함께 챙길 수 있어 더 좋네요. PTP형식 포장이라 들고 다니면서 복용할 수 있고 무엇보다 하루에 한 정만 복용하면 되니 편해요. 약 크기가 큰 건 잘 못 목는 편인데 이건 목넘김 괜찮아요. 유통기한도 넉넉하니 꾸준히 챙겨 먹을게요
10,3353016244,4,2022-01-23T06:52:52.688+0000,정말 저렴하고 착한가격입니다..재구매 의향 있습니다..
11,3373660413,5,2022-02-23T00:30:59.464+0000,재구매합니다 좋아요~
12,3358181225,5,2022-02-01T15:01:30.442+0000,빠른배송 감사합니다
13,3338600540,5,2022-01-04T04:55:19.973+0000,아직 효능은 잘 모르겠지만 루테인이랑 오메가3까지 같이 있어서 좋아요!
14,3358782860,5,2022-02-03T07:18:39.942+0000,빠른 배송 감사합니다~~~
15,3351242346,5,2022-01-20T15:35:57.139+0000,좋은가격에 먹기좋게 포장~! 최고~~^^
16,3365462405,5,2022-02-11T14:40:01.275+0000,"오메가3까지 한번에 먹으려고 샀어요
도움이 됐으면 좋겠어요"
17,3348947701,5,2022-01-18T00:33:35.895+0000,"눈에 좋은거 찾다가 조정석님광고가 기억나서 ㅎㅎ

근데 몇칠 잠을 못자서 아픈 눈에 효과 짱조음"
18,3372400200,5,2022-02-21T05:15:54.222+0000,꾸준히 챙겨 먹고 있어요
19,3352082916,5,2022-01-21T23:50:40.370+0000,저렴하게 잘 샀어요. 온가족이 4달동안은 먹을수 있을듯요
0,3351092878,5,2022-01-20T12:05:39.944+0000,선물용입니다. 홍삼만 하다가 부담 줄이려고 이번엔 바꿔 봤어요~~
1,3371089032,5,2022-02-19T04:48:34.540+0000,가격대비 배송빠르고 품질좋습니다ㅋ
2,3353674556,5,2022-01-24T06:31:13.637+0000,배송이 아주아주 빨랐습니다 ㅋㅋ 꾸준히먹어볼게요
3,3372293472,5,2022-02-21T02:49:19.785+0000,"항상구매합니다
건강해지겠죠~~~ 감사합니다"
4,3366856771,5,2022-02-13T15:13:20.126+0000,그냥 무난합니다 딱히 건조증에 가시적인 효과는 모르겠지만 무난해요...
5,3350391482,5,2022-01-19T13:41:33.041+0000,라이브중에 구매해서 한박스 더 받았습니다 먹기편하고 눈에 좋은 성분이 다 들어있어서 꾸준히 먹을려고합니다
6,3358168568,5,2022-02-01T14:10:46.852+0000,항상 먹던거라 잘 먹고 있어요 ㆍ
7,3366628814,5,2022-02-13T08:45:09.837+0000,눈에 좋다하니 먹습니다. 효과는 아직요.
8,3351474324,5,2022-01-21T02:52:36.595+0000,배송빠르고 좋아요~ 다른것들도 괜찮아서 구매중입니다~~
9,3368925906,5,2022-02-16T09:32:54.477+0000,부담없이 매일 한 정씩 편하게 먹을 수 있어요
10,3349995041,5,2022-01-19T06:00:31.541+0000,"친정 3세트 울집 2세트 주문했어요♡
라방 잼있게 잘 봤습니다~ 자주해주세용"
11,3316847969,5,2021-12-04T08:34:24.342+0000,"컴퓨터 앞에 오래 앉아있어서 루테인이 필요하고 콜레스테롤이 높아서 오메가3가 필요한 사람입니다.
복합적으로 들어간 걸 하나씩만 챙겨먹기가 더 간편하다보니 이것저것 여러 개 안 사고 이걸 선택했는데요. 참 마음에 듭니다. 여기에다가 GNM 비타민D만 딱 더하면 완벽한 조합이 될 것 같아요.
성분도 영양사인 아내가 살펴보더니 좋은 것 같다고 하네요!

해당 후기는 무료 제품을 제공받아 솔직하게 작성한 리뷰입니다."
12,3354273274,5,2022-01-25T05:26:11.937+0000,배송도 빠르고 가격도 좋고 눈에도 좋다고 해서 매번 시켜 먹습니다.
13,3340430577,5,2022-01-06T07:10:13.981+0000,"올겨울부터 눈이 좀 나뻐지는거 같아 주문했는데 배송 너무 빨라 깜짝 놀랐습니다 
저녁 10시에 주문했는데 담날 배송이라뇨
오늘 아침부터 바로 먹었어요
알이 좀 커서 부담이긴 하지만 루테인 지아잔틴 오메가3 같이 먹을수 있으니 좋네요"
14,3350000410,5,2022-01-19T06:07:35.106+0000,친정에 3세트에 콜라겐 1상자 보냈더니 방금 도착했대요~ 라방 덕분에 착한가격에 잘 샀어요
15,3367240476,5,2022-02-14T06:12:09.630+0000,꾸준히 먹고 있어요! 만족합니다
16,3372180678,5,2022-02-21T00:50:52.956+0000,좋네요~ 잘먹을게요 ㅎㅎ
17,3370531324,5,2022-02-18T08:31:40.389+0000,친구가 추천해줘서 구입했네요
18,3363356226,5,2022-02-09T07:25:09.776+0000,항상 믿고 먹는 제품이네요  좋은가격 빠른배송 좋습니다
19,3350098973,5,2022-01-19T08:07:36.528+0000,매번구매하는데..개인적으로 양을늘리고 할인율을 높이면좋겠어요~
0,3349938195,4,2022-01-19T04:44:13.702+0000,"빠른 배송은 정말 좋아요
옵션에 선물포장이 있는걸 제대로 살펴보지않고 주문을 했네요
집에있는 쇼핑백에 넣어서 선물해야겠어요"
1,3370884272,5,2022-02-19T00:38:04.494+0000,먹기좋아서매번구매합니다
2,3353670537,5,2022-01-24T06:24:34.329+0000,부모님이 드시고 좋다고 하셔서 이번에도 주문해드렸어요
3,3371043368,5,2022-02-19T03:47:24.409+0000,계속 먹던거라 먹기 편해요
4,3326656311,4,2021-12-17T13:37:36.851+0000,라이브방송중 구매하여 좋은가격으로 구매했습니다. 손가락 1마디크기라 조금커서목넘심이 걱정되지만 기존에먹던 루테인만큼 효과있음좋겠습니다. 23년도 9월 10까지 유통기한있습니다.
5,3355509387,4,2022-01-26T15:34:19.092+0000,평소에 먹고 있는데 설선물로 구매했어요
6,3356047815,5,2022-01-27T11:10:41.157+0000,아직먹어보진 않았지만 좋아보입니다
7,3350213226,5,2022-01-19T10:27:24.796+0000,잘받았습니다ㅎㅎ처음 먹어보는건데 효과좀 봤으면 좋겠네요
8,3351962770,5,2022-01-21T13:48:59.812+0000,빠른배송에 놀랐네요. 먹고 효과 좋으면합니다.
9,3353052734,5,2022-01-23T08:03:40.813+0000,배송하루만에왔어요 잘챙겨먹을께요
10,3356016351,5,2022-01-27T10:27:20.569+0000,부모님 설선물로 샀습니다 감사합니다.
11,3352554642,5,2022-01-22T11:27:37.846+0000,명절선물 준비 끝^^어른들 좋아하시더라고요^^
12,3372517212,5,2022-02-21T08:27:55.905+0000,꾸준히먹고있습니다~~
13,3348226330,5,2022-01-16T21:32:51.470+0000,아직 먹던게 남아 있어서 개봉하진 않았지만 만족해요. 설 세일해서 미리 사뒀어요.
14,3317697235,5,2021-12-05T16:33:14.886+0000,"평소 루테인과 오메가3의 중요성을 알기 때문에 꾸준히 섭취하곤 하였습니다. 근데 이번에 알게된 GNM에서 나온 제품의 경우 이러한 2가지 핵심 영양소를 한번에 섭취가 가능하니까 매력적인 것 같아요.
눈건강을 위한 루테인, 혈액건강을 위한 오메가3 이것뿐만 아니라 아연, 비타민A, 비타민E, 비타민B도 함께 섭취할 수 있습니다!! 가격도 3개월분이라 기존에 먹는 제품보다 가성비가 무척이나 좋은 것 같습니다. 
꾸준히 먹으며 건강을 잘 챙기려고 합니다!^^"
15,3352594184,5,2022-01-22T12:26:19.380+0000,오메가3 는  전에 샀던거에 효과보는거같아서 눈쪽으로도 좀 더 효과 바라며 시켰습니다!
16,3352911289,5,2022-01-23T03:38:23.389+0000,"날씨가 추워지니 걷는 운동조차도 잘 못하게 되다보니 건강에 대한 염려가 생기게 되더군요~
늘 챙겨먹던 루테인에 지아잔틴까지 첨가 되었는데 가격도 착해서 구매하여 잘 먹고 있습니다.
크기가 조금 크다 싶은데 매끄러워서 목넘김은 힘들지 않습니다~"
17,3355163959,5,2022-01-26T08:06:50.073+0000,빠른배솔과 다른 곳보다 저렴해서 좋아요.
18,3369089094,5,2022-02-16T12:33:21.987+0000,가성비 괜찮은거 같아요 만족합니다
19,3351192009,5,2022-01-20T14:05:29.201+0000,"꾸준히 먹고 있습니다~
더 좋아지지는 않아도 지금처럼 유지가 되길 바라는 마음입니다~^^"
0,3350894848,5,2022-01-20T07:55:23.042+0000,"늘 먹는거라 주문합니다
라이브때사서 1개월분 더 받아서
좋은가격에 구매한거같아요"
1,3366702152,4,2022-02-13T11:02:38.554+0000,빠른 도착도 좋고 다 괜찮은데 어취가 좀 많이 나네요
2,3360750560,5,2022-02-06T03:09:10.186+0000,아빠 드리려고 사봤어요. 눈이 침침해지셔서 효과가 있었으면 좋겠습니다.
3,3354434799,4,2022-01-25T09:06:17.593+0000,루테인이랑오메가가같이있어서괜찮아요
4,3365235754,4,2022-02-11T09:18:51.737+0000,알이 좀크긴한덕 전알약 잘먹어서 괜찮음 호과 좋았으면 좋겠음
5,3354716818,5,2022-01-25T14:20:47.925+0000,잘 먹고있어요~ 재구매 자주하고 있어요~^^
6,3372283633,5,2022-02-21T02:39:13.449+0000,가성비 만족합니다~~
7,3369357355,5,2022-02-17T01:12:45.842+0000,빠른배송 꼼꼼한 포장 좋습니다
8,3356319613,5,2022-01-28T00:44:15.507+0000,선물용으로 샀어요 행사할때 잘 샀어요
9,3355688233,5,2022-01-27T02:27:38.955+0000,선물 잘할께요!! 감사해요
10,3356852469,5,2022-01-28T17:09:06.717+0000,항시 애용하고 있습니다
11,3354098139,5,2022-01-25T01:21:06.360+0000,재구매입니다 가족들 모두 잘챙겨먹어요
12,3350306457,5,2022-01-19T12:08:27.857+0000,"라이브행사에 구매해서 1박스 더 받음^^
배송은 새벽배송인줄~~"
13,3370674464,5,2022-02-18T11:59:07.585+0000,빠른 배송 정말 좋아요
14,3351188507,5,2022-01-20T14:00:37.925+0000,"포장도 꼼꼼하고 좋아요.
눈이 좋아졌으면 좋겠네요"
15,3355843324,5,2022-01-27T06:23:43.822+0000,역시 방송할 때 사는게 젤 좋네요 ㅎㅎ
16,3352913549,5,2022-01-23T03:42:15.079+0000,"좋네요.
건강관리필요합니다"
17,3368903786,5,2022-02-16T09:04:49.290+0000,눈 피로가 느껴질만큼 좋네요
18,3353478421,5,2022-01-24T02:02:32.131+0000,도착도 빨리왔고 저렴하게 구매한거 같네요
19,3352697077,5,2022-01-22T15:25:25.391+0000,루테인만 먹다가 지아잔틴 1달 먹어보고 좋아서 갈아탔어요~
0,3350349554,5,2022-01-19T12:54:39.889+0000,빠른 배송에 추가 1박스 감사해요
1,3353091836,5,2022-01-23T09:21:46.826+0000,생각보다 유통기한도 넉넉하고 박스도 깔끔하고 좋아요~
2,3344596386,5,2022-01-12T01:19:57.005+0000,생각보단 알이 커서 놀랐는데 오메가3를 따로안먹어도되서 넘 좋아요 생각보다 냄새안나고 잘넘어가더라구요
3,3352186368,5,2022-01-22T02:21:02.259+0000,저녁에 주문했는데 다음날 낮에 도착했고 저렴해서 좋았어요
4,3345794179,5,2022-01-13T09:08:36.611+0000,아뻐께서 수술을 하셔서 약 챙겨드시라고 보냈어요! 딸이 보낸거라고 잘 챙겨드시더라구요
5,3351229523,5,2022-01-20T15:07:54.585+0000,"꾸준히 먹는 브랜드입니다
라이브덕에 좋은 혜택으로 주문했어요~^^"
6,3356371959,5,2022-01-28T01:50:20.618+0000,재구매했어요..꾸준히 먹다보니 진짜 시력이 좋앚져서 렌즈도 다시 구입했네요.. 아빠도 눈이 건조했는데 많이 좋아지셨다고하고 온가족이 꾸준히 챙겨먹기로 했어요
7,3362766781,5,2022-02-08T12:51:33.441+0000,광고 보고 구매했어요..꾸준히 복용해서  효과보고 싶네요
8,3323260882,5,2021-12-13T07:32:46.951+0000,시력도 안 좋고 몸 컨디션이 안 좋으면 안압부터 올라가서 눈 건강에 신경쓰는 편이에요~ 눈 건강을 위해서 매일 루테인 1알씩 챙겨먹고 있는데 저온추출한 루테인을 먹어야 한다고 해서 구매했는데 요건 1알에 루테인 지아잔틴은 물론 오메가3까지 들어있어서 좋습니다. 영양제 여러개 챙겨먹을 필요 없어서 간편하고 좋네요~^^
9,3370246081,5,2022-02-18T03:01:47.481+0000,싸고 좋은것같아요!
10,3349228852,4,2022-01-18T07:01:03.149+0000,처음 구매인데 믿고 구매 합니다. 알약이 좀 큰듯하네요~~
11,3349012175,5,2022-01-18T01:55:46.326+0000,"여기가 저렴하고 배송도 빠르고 좋네요~
번창하세요~^^"
12,3350237499,5,2022-01-19T10:55:18.764+0000,"부모님 드시라고 사드렸어요!
잘 드시고 계신데요!"
13,3344966424,5,2022-01-12T09:13:16.769+0000,완충제를 종이로 만든걸 넣어주셨어요. 환경을 생각하는 기업이라 더 믿음이 가요~
14,3332472030,5,2021-12-26T02:52:33.736+0000,"라이브방송할때 좋게 구매했어요. 
사실 라이브방송할때 사는건 처음이였는데 조금 복잡해서 구매하는데 오래 걸렸습니다. 그래서 다른건 구매못했어요. 원래 살려고 했었는데 라이브 방송 한다 그래가지고 기다려서 구매했습니다. 사실 전 꾸준히 먹고 있는거고 이건 부모님 드리려고 선물 하는 거에요. 부모님이 좋아하시네요. 
여긴 항상 배송이 빠르고 좋아요."
15,3345543995,5,2022-01-13T04:01:30.831+0000,꼼꼼하게 포장되어있고 유통기한도 넉넉하네요. 약이 커서 한번에 삼키기 어려워요
16,3346722837,5,2022-01-14T11:04:19.654+0000,비타민 제대로 주문해서 처음 먹어보는데 저한테 잘 맞았으면 좋겠네요 ㅎㅎ 잘먹을게요!
17,3367952208,5,2022-02-15T07:17:18.957+0000,가격도 저렴하면서 좋아요
18,3349994888,5,2022-01-19T06:00:18.675+0000,건조증이 심해 인공눈물 달고 사는데 부지런히  복용하면  도움 받겠죠^^
19,3361784599,5,2022-02-07T10:45:43.364+0000,꾸준히 먹고있어요. 저렴하고 배송도 빨라서 좋아요
0,3344344211,5,2022-01-11T13:05:13.212+0000,눈이 건조해서 여러가지 찾던 중 오메가 3도 같이 함유된 제품으로 골랐네요...
1,3349438274,5,2022-01-18T11:09:19.232+0000,먹기편하고 배송 포장도 맘에 들어요. 잘먹을게요~!!
2,3350225733,5,2022-01-19T10:42:06.152+0000,"총알 배송에 유통기한도 넉넉하네요
먹어보고 좋으면 계속주문 할께요.~"
3,3361853714,5,2022-02-07T12:20:24.335+0000,선물용으로 따로 포장할 필요 없이 종이가방까지 주셔서 편리했습니다.
4,3349861430,5,2022-01-19T02:50:13.171+0000,첫구매입니다.유통기한 넉넉하네요.
5,3364072109,5,2022-02-10T03:53:58.224+0000,먹기편해요~ 효과는 아직 모르겠어요~
6,3352023340,5,2022-01-21T15:59:05.138+0000,저번에 먹고 좋아서 선물용으로 구입했어요
7,3349629329,5,2022-01-18T14:26:39.932+0000,부모님 사드렸어요~ 가성비 좋습니다
8,3368485393,5,2022-02-16T00:09:32.513+0000,한달째 잘 먹고  있습니다~!
9,3360007623,5,2022-02-05T04:35:04.594+0000,믿고  먹는 GNM 제품입니다. 집에 종류별료  다양한 제품들이  있네요
10,3354790037,5,2022-01-25T17:31:46.171+0000,좋다니 믿고 먹겠습니다
11,3347229665,4,2022-01-15T06:03:06.941+0000,유통기한도 길고 효과는 먹어봐야 할듯
12,3338933314,5,2022-01-04T11:23:52.530+0000,믿고 먹는 GNM이니까 구매했습니다! 눈 건강 뿐만 아니라 혈행개선까지 골고루 건강을 챙길수 있어서 너무 좋습니다! 주변 사람들에게도 선물해주려고 합니다!
13,3360662453,5,2022-02-06T00:52:50.366+0000,"라섹후 관리용으로 주문했습니다.
잘먹을게요"
14,3350175716,5,2022-01-19T09:41:57.886+0000,"항삼여기서 주문하는데
요 제품은 처음이에요.
잘 챙겨먹어볼게요"
15,3354251012,5,2022-01-25T04:52:22.340+0000,6회 재구매인데 만족합니다
16,3364748684,5,2022-02-11T00:35:40.149+0000,항상 꾸준히  복용하는거라서 믿고 먹어요
17,3369465446,5,2022-02-17T03:39:31.226+0000,항상 먹던 제품~~ 좋아요~~
18,3351957611,4,2022-01-21T13:41:12.385+0000,꾸준히 먹어야하는 영양제라 늘 구매합니다.
19,3354200616,5,2022-01-25T03:35:34.032+0000,꾸준히 잘 먹어야겠어요
0,3366748787,5,2022-02-13T12:19:19.762+0000,잘 먹고 있습니다~ 다 먹고 재구매할꺼예요~~
1,3354423463,3,2022-01-25T08:51:14.213+0000,배송이 빠름 가격이 싼거같음
2,3356083395,5,2022-01-27T11:58:01.585+0000,택배 잘 받았습니다 :)
3,3345104706,5,2022-01-12T11:52:54.486+0000,선물용으로 구매했어요 여기에서 오메가3 먹고있는데 괜찮아서 결합용 구매해봄
4,3350634806,5,2022-01-20T01:59:03.531+0000,믿을수 있어서 2번째로 부모님꺼랑 같이 시켰어요
5,3353857129,5,2022-01-24T11:48:22.929+0000,싼 가격에 잘 구매했어요
6,3352626016,5,2022-01-22T13:15:03.250+0000,처음 주문해봤는데 기대 맣이 되네요.
7,3317838859,5,2021-12-06T02:04:24.264+0000,"눈 하면 루테인이 잖아요!
아무래도 요즘엔 핸드폰도 많이쓰고 미디어도 자주 보다보니 눈이 침침하고 흐릿해지는것 같더라구요 그래서 눈에
조금 더 신경써야겠다는 생각이 들더라구요 -! 
 3개월분 가격도 착해서 꾸준히 구매해서 먹어보려해요 ^^ 다음에 부모님 드릴 제품도 함께 주문할게요 감사합니다"
8,3351523745,5,2022-01-21T03:48:02.749+0000,파란색만 사다 라이브때 저럼 해서 샀어요
9,3351650412,5,2022-01-21T06:31:49.921+0000,좋아질거란  믿음으로열심히 먹을려구요
10,3355895941,5,2022-01-27T07:34:18.109+0000,선물용인 만큼  쇼핑백뿐만 아닌 세트상자 구성으로 왔으면 더 좋았을것같습니다. 건강을 위해 잘  복용하겠습니다
11,3352857435,5,2022-01-23T02:20:29.783+0000,엄청빠르게 배송되어서 좋아요
12,3350792656,5,2022-01-20T05:45:47.358+0000,부모님선물로 드렸는데 만족해하세요 좋아요
13,3352870690,5,2022-01-23T02:36:37.673+0000,약알이 크고 먹었을때 오메가3 맛이 납니다
14,3359401182,5,2022-02-04T08:39:44.974+0000,먹어보는 중인데 목넘김은 좋아요 효과는 아직
15,3353898714,4,2022-01-24T12:53:31.257+0000,1년이상 꾸준히 먹고있네요
16,3366475283,5,2022-02-13T04:03:41.726+0000,부모님 선물했어오 좋아요
17,3348481125,5,2022-01-17T04:25:14.529+0000,매일 밀크씨슬만 먹다가 눈도 피곤해져서 시켰는데 괜찮았으면 합니다!
18,3352345288,5,2022-01-22T06:02:50.982+0000,배송은 빠르고 가격도 나쁘지않은듯.
19,3353575395,5,2022-01-24T03:59:33.795+0000,눈건강에 도움 될것같음
0,3317540619,5,2021-12-05T11:33:27.488+0000,"하루종일 모니터앞에 있어서 눈이 침침하고 뻐근해서 더 늦기전에 영양제섭취를 위해 선택했네요. 후기에 알약 크기가 좀 크다고 해서 목넘김 걱정을 좀 했는데 생각보다 그렇게 크지는 않아서 섭취는 편했어요
하루 한알로 눈 건강을 위해 선택한 만큼 꾸준히 섭취해서 건강유지를 해야겠습니다~ 3개월후 또 주문할게요~"
1,3352929030,5,2022-01-23T04:09:09.108+0000,항상 주문해서 잘먹고 잇어요
2,3357858851,5,2022-01-31T09:14:52.649+0000,눈이 갑자기 안좋아져서 주문했어요. 열심히 먹고있어요 오메가3가 같이 있어서 좋네요
3,3352084217,5,2022-01-21T23:54:50.881+0000,이전에 여기 브랜드 루테인 다른 거 먹다가 오메가3 포함된걸로 구매해봤는데 확실히 이게 더 좋은 것 같아요. 크기는 훨씬 커서 삼킬 때 조금 부담스럽긴하지만 만족합니다
4,3349975053,5,2022-01-19T05:34:39.466+0000,조아요 여기서 많이 시켜 먹어요
5,3351433358,5,2022-01-21T02:11:26.939+0000,항상 먹는거라 라방때 잘 샀습니다. 좋아요.
6,3351784339,4,2022-01-21T09:33:41.494+0000,항상 구매해서 가족같이 먹고 있어요
7,3351452839,5,2022-01-21T02:30:46.242+0000,항상 구매해서 먹고 있습니다. 만족합니다
8,3351796772,5,2022-01-21T09:52:10.355+0000,라방보고 엄마드리려고 구매했어요
9,3350903344,5,2022-01-20T08:06:15.864+0000,부모님에게 선물해드렸습니다 효과 있기를~
10,3351149802,5,2022-01-20T13:12:38.598+0000,배송도 빠르고 저렴하게 잘구매했습니다
11,3354641838,5,2022-01-25T12:57:03.585+0000,빠른 배송 감사합니다~~
12,3354641275,5,2022-01-25T12:56:29.046+0000,빠른 배송 감사합니다~~
13,3359072927,3,2022-02-03T23:13:28.439+0000,좋아졌다는걸 모르겠네요. 더 복용해봐야 알것같네요
14,3355368512,4,2022-01-26T12:18:42.438+0000,배송은 다음날 오내요.....
15,3349225085,5,2022-01-18T06:56:06.906+0000,"가격이 저렴하고 먹기 편해요
다 먹으면 다시 구매하고 싶어요"
16,3349500067,5,2022-01-18T12:09:12.298+0000,알약이 좀 크긴 한데 한 알로 세 가지 챙기니까 좋아요.
17,3353489042,5,2022-01-24T02:13:10.545+0000,배송빠르고 먹기편해요.
18,3350754336,5,2022-01-20T04:53:35.369+0000,다른제품 복용하다 이번에 갈아탔습니다
19,3353582472,5,2022-01-24T04:09:47.230+0000,배송빠르고 좋습니다
0,3368091677,5,2022-02-15T09:56:51.485+0000,배송 정말 빨라요.
1,3350113562,5,2022-01-19T08:25:16.612+0000,자주 사용하는 제품으로 배송이 빨라서 좋아요.
2,3353540419,5,2022-01-24T03:10:20.198+0000,든든하네요 건강해집시다 ㅎㅎ
3,3352216134,4,2022-01-22T02:53:30.720+0000,한번에 섭취가능이라 좋네요
4,3346058489,5,2022-01-13T14:36:44.589+0000,배송 완전 빨라요 저녁10시에 주문했는데 다음날 도착 했어요
5,3352222175,5,2022-01-22T03:00:41.063+0000,선물용으로 구입하였습니다
6,3362517254,5,2022-02-08T08:59:50.233+0000,연질캡슐이라 부드럽게 목넘김이좀쉬워요
7,3345642372,5,2022-01-13T06:06:17.187+0000,뭐든 꾸준히 먹는 게 좋겠지요 잘 먹어보겠습니다
8,3352577324,5,2022-01-22T12:00:50.413+0000,잘받았습니다 감사합니다
9,3346689025,5,2022-01-14T10:17:30.878+0000,계속 먹던 상품입니다~먹고 나면  눈이 건조함도 덜해지고  눈이 항상 피곤했었는데 좋아지네요~^^
10,3348261884,5,2022-01-17T00:09:40.921+0000,확실히 먹으니까 아침에 일어날때 효과가 있는거같습니다.
11,3345292590,5,2022-01-12T16:11:27.213+0000,기존에 먹던거라 또 주문했러요 배송 속도 진짜 짱
12,3363049125,5,2022-02-09T01:01:33.225+0000,늘 구매해 먹고있습니다 항상 만족하구요 ㅎ
13,3335719124,5,2021-12-30T10:15:42.375+0000,"루테인 지아잔틴 참좋아요~!
오메가 3랑 같이 함께있는것도~
아주만족 스럽습니다~!!
6통 주문해서 잘 먹꾸있꼬요~!!
1석 3조 라서 좋아요~!!!!"
14,3362638768,4,2022-02-08T11:01:15.621+0000,재구매할정도로눈이좀편해지는듯하네요!
15,3346981776,5,2022-01-15T00:42:38.031+0000,"알약 크기가 생각보다 더 커서 놀랬지만 ^^;
효과가 좋았으면~~~~"
16,3347765356,5,2022-01-16T02:47:21.525+0000,알이 좀 커서 삼키기 힘들지만 초코향같이 나서 나쁘지 않네욤
17,3351481255,5,2022-01-21T02:59:30.169+0000,배송빠르고 유통기한 넉넉합니다 23년 11월
18,3353227602,5,2022-01-23T13:09:30.204+0000,먹고 건강해지겠습니다.
19,3354741795,5,2022-01-25T14:57:25.405+0000,빠른 배송 감사합니다~~~^^
0,3359800924,5,2022-02-04T19:55:18.971+0000,아주 매우 만족합니다. 좋은상품입니다.
1,3364660842,5,2022-02-10T16:47:57.384+0000,배송빠름  효과 기대해 볼께요
2,3359976533,5,2022-02-05T03:50:55.512+0000,아연 첨가 영양제랑 궁합이 맞다하여 같이 꾸준히 먹고 있습니다.
3,3361750265,5,2022-02-07T09:56:31.992+0000,"괜찮아서 재구매했어요  빠른 배송두  좋았어요
감사합니다"
4,3366475140,5,2022-02-13T04:03:28.839+0000,부모님 선물했어요 좋아요
5,3367771171,4,2022-02-15T03:25:08.598+0000,정말 보통이에요!!
6,3362383002,5,2022-02-08T06:35:20.898+0000,좋아요. 또 구매합니다.
7,3357029223,5,2022-01-29T03:49:32.205+0000,"가족이 함께 먹을거라서 자주 사게 되네요. 
덕분에 눈건강은 잘 유지되고있어요"
8,3346755197,5,2022-01-14T11:49:06.564+0000,"원래 먹던거 재구매했어요.

오메가3도 있어서 좋아요."
9,3349343189,5,2022-01-18T09:22:52.845+0000,루테인오메가3 처음사봤는데 한번먹어볼게요!
10,3368296978,5,2022-02-15T13:21:00.068+0000,잘 먹겠습니다 :)
11,3351572632,5,2022-01-21T04:49:44.040+0000,좋은 가격에 득템했습니단
12,3361056979,4,2022-02-06T12:10:40.545+0000,늘 먹던 눈영양제인데 이 제품이 나와서 구매해봅니다
13,3345613965,5,2022-01-13T05:31:00.011+0000,신랑 먹이고 있어요. 매일 잘 챙겨먹네요. 목 넘김 좋아요
14,3351882326,5,2022-01-21T11:53:37.694+0000,배송빨라서너무좋네요
15,3353927519,5,2022-01-24T13:39:39.423+0000,"선물할려고구매했는데 제가 쇼핑백을
체크못했네요^^;
선물세트라 있을줄알고;;;;;ㅎ
가격도좋고 저도잘먹고있어서 늘믿고구매합니다~~"
16,3346657184,5,2022-01-14T09:31:41.792+0000,"몇번째 주문해서 먹고 있습니다
밀크씨슬은 간에 좋다고 해서 함께 주문했습니다"
17,3352049195,5,2022-01-21T18:47:23.653+0000,"good!

좋은거 같군요

가족들이 다같이  먹네요"
18,3349895716,4,2022-01-19T03:43:25.001+0000,가격대비 좋고 배송이 바로 왔네요
19,3356313687,5,2022-01-28T00:35:13.873+0000,"먹기편하고 먹고 나니  몸이 뭔가 더  편해지는
느낌을 받아서 좋아았어요..번창하세요.^^"
0,3364587522,4,2022-02-10T14:09:09.129+0000,배송빠르고 상품좋아요
1,3352252968,5,2022-01-22T03:42:42.708+0000,"가성비 짱!
먹기도 편해요"
2,3358416987,5,2022-02-02T11:12:19.064+0000,"늘먹던 제품이라 주문했어요.
배송이 빨라요."
3,3362435232,5,2022-02-08T07:34:35.267+0000,엄마랑 같이 먹고 있는데 먹기 편해요~
4,3352420828,5,2022-01-22T07:57:17.498+0000,배송빠르고 굿 입니다.
5,3349987074,5,2022-01-19T05:50:32.532+0000,아직 개봉전입니다 싸게 샀어요
6,3346278785,5,2022-01-14T02:07:43.712+0000,안구건조증으로 고생주민데 나아지길 기대하며 먹고 있어요
7,3351263182,5,2022-01-20T16:49:11.330+0000,배송이 아주 빨라서 좋네요.
8,3351516966,5,2022-01-21T03:39:27.974+0000,개별포장이라 좋아요
9,3349031995,5,2022-01-18T02:17:49.904+0000,"루테인 항상 시켜먹어요 
배송이 빠르고좋아요"
10,3350445808,5,2022-01-19T14:59:34.811+0000,안먹는것보단 먹는게 나은거 같아요 ㅎ
11,3347904315,4,2022-01-16T06:58:34.156+0000,"오메가 3를 찾다 눈에 좋은 지아진틴과 루테인이 첨가된 것이라 구입했어요. 
며칠 복용하지는 않았지만 눈이 뻑뻑해지는 건 좀 나아지는 것 같아요. 
바라는 점이 있다면 알티지 오메가로 업그레이드 되면 가격이 올라가도 너무 좋을 것 같아요."
12,3351146320,5,2022-01-20T13:08:21.604+0000,어머니가 좋아하십니다
13,3357515914,5,2022-01-30T07:00:19.961+0000,먹으니 눈에 좋다는 느낌이 드네요~ 재구매 의사 있습니다.
14,3316839576,5,2021-12-04T08:21:41.474+0000,"배송빠르고 3개월분인데 이정도가격이면 엄청 합리적이고 가성비좋은제품이에요 ㅎㅎ
눈이 원래 자주 건조한 편이고 이제 겨울이다보니 거센바람에 건조함이 더 심해지더라구요 ㅜㅜ 지인이 루테인먹어라는 추천을 듣고 루테인과 지아잔틴이 같이 들어있는 요제품 구매했구요!
하루에 한캡슐만 먹어도 되서 편하고 오메가3까지 들어있어서 만족하면서 먹고있는 제품입니당"
15,3348711351,5,2022-01-17T10:50:12.742+0000,잘먹고 있어여 빠른배송 감사합니다
16,3350222616,5,2022-01-19T10:38:35.747+0000,배송빠르고 싸게 잘샀어요
17,3320153834,5,2021-12-09T01:17:44.383+0000,"오메가3를 먹어볼까 찾다가 눈에 좋은 루테인지아잔틴 까지 들어있는 제품을 발견했네요. 
사실 하루에 여러알 먹는게 정말 귀찮잖아요. 이건 하루 한알만 먹어도 되니까 정말 편해요. 
눈영양제는 나이가 들수록 꼭 챙기는게 좋다해서 앞으로 꾸준히 먹을 생각입니다."
18,3352401314,5,2022-01-22T07:27:45.791+0000,토요일 배송 ~빠른배송 좋아요~
19,3352240001,5,2022-01-22T03:24:17.738+0000,GNM 제품 믿고 구매했어요
0,3343401731,5,2022-01-10T09:18:10.416+0000,"갑자기 눈이 안좋아져서 구매했습니다.
효과가 있겠죠."
1,3360805906,5,2022-02-06T04:45:43.896+0000,또 재구입하려고요 접속한김에 평남김
2,3351316055,5,2022-01-20T23:39:24.814+0000,가격도저렴하고 좋아용!!
3,3338371742,5,2022-01-03T15:59:45.320+0000,빠르게 왔어요.  알이 너무커서 부담스러운거 말고는 잘 넘겼어요.  꾸준히 먹어보고 효과보면 좋갰어요
4,3348061787,5,2022-01-16T11:55:18.462+0000,엄청빠르네요  눈이 뿌얘져서 주문해봄
5,3347978309,5,2022-01-16T09:28:42.319+0000,만족합니다. 또 살게요.
6,3360917677,5,2022-02-06T08:05:45.500+0000,건강을 생각해서 열심히 먹고 있네요
7,3358088736,4,2022-02-01T08:43:54.307+0000,먹기도 편하고 눈에 좋다고 하니 믿고 꾸준히 복용해보러고 합니다
8,3343217676,5,2022-01-10T04:12:01.254+0000,아주 저렴하고 싸게샀어요 배송도 무척빠르게왔어요
9,3359845850,5,2022-02-05T00:14:40.652+0000,눈이 촉촉해요 먹기편해요
10,3350894426,5,2022-01-20T07:54:52.045+0000,저렴하게 잘 샀어요
11,3343898972,5,2022-01-11T04:52:56.791+0000,남편의 눈 건강과 혈관 건강을 위해 구입했습니다 이거 먹고 건강해지면 좋겠어요^^
12,3361844224,5,2022-02-07T12:07:16.728+0000,선물로보냈는데 만족합니다
13,3350186174,5,2022-01-19T09:55:01.533+0000,항상 이제품만 먹어요
14,3362426414,5,2022-02-08T07:24:55.874+0000,배송이 매우 빠르니 조으네요ㅎㅎ
15,3359436846,5,2022-02-04T09:20:57.125+0000,저렴한 가격으로 부모님께 선물해드렷어요
16,3363682054,4,2022-02-09T13:15:40.521+0000,매번 꾸준히 먹어요
17,3344629019,5,2022-01-12T02:06:27.985+0000,배송 빠르고 잘 도착했어요 ~
18,3344973875,5,2022-01-12T09:22:48.969+0000,"개별포장 되어있고, 세가지 한꺼번에 섭취할 수 있어서 좋네요"
19,3350126837,5,2022-01-19T08:40:13.763+0000,배송 완전빨라서 좋으네요~~
0,3347807081,5,2022-01-16T03:55:59.357+0000,시킨다음날 바로배송왓고 아주 만족
1,3363403061,5,2022-02-09T08:17:34.400+0000,선물했는데 좋아해요.
2,3360988294,4,2022-02-06T10:22:05.150+0000,기존에 먹던거 재구매했습니다
3,3349084660,5,2022-01-18T03:34:00.204+0000,잘받았습니다 감사합니다
4,3345666796,4,2022-01-13T06:35:46.984+0000,매번 사먹는 영양제여서 이번에도 또 구매했습니다
5,3348461370,5,2022-01-17T03:58:40.949+0000,늘 먹는거라 잘 먹고있습니다
6,3349500735,5,2022-01-18T12:09:49.432+0000,배송이 빨라서 좋았습니다~
7,3350366800,4,2022-01-19T13:13:18.351+0000,괜찮은 것 같습니다
8,3345239301,5,2022-01-12T14:24:01.231+0000,"루테인
지아잔틴
오메가3 최고에요ㅎㅎ
조정석 최고세요~^^!!"
9,3360913928,4,2022-02-06T07:58:52.180+0000,배송도 빠르고 유통기한도 넉넉하네요.
10,3358343425,5,2022-02-02T07:32:58.324+0000,잘 사용하고 있으며 피부 관리에 도움을 받고 있어요^^
11,3343456605,5,2022-01-10T11:02:14.986+0000,여기꺼 항상 먹어서 사봤어요~ 알이 쫌 크네요^^
12,3363060759,5,2022-02-09T01:17:40.279+0000,아주마음에아주들어요
13,3349229136,5,2022-01-18T07:01:25.349+0000,항상 잘 먹고있어요
14,3349227272,5,2022-01-18T06:59:01.418+0000,항상 잘 먹고 있어요
15,3353512163,5,2022-01-24T02:35:56.982+0000,"저녁에주문했는데 다음날아침 도착 
새벽배송인줄알았네요ㅋ  배송빠르고 포장도 꼼꼼해요"
16,3345964785,5,2022-01-13T12:35:56.520+0000,여기제품중에서 이게 제일좋은거 같아요
17,3348819410,5,2022-01-17T13:44:45.913+0000,계속 재구매중인 영양제.
18,3345547393,5,2022-01-13T04:06:11.223+0000,엄마 사 드리고 저희 가족도 사고 잘 먹겠습니다~
19,3357667152,5,2022-01-30T15:29:49.457+0000,"요즘 눈이 넘 피곤해서 주문했는데
효과가 있길 기대해 봅니다"
0,3317125215,5,2021-12-04T18:35:22.468+0000,전자기기를 오래 사용하다 보니까 눈도 침침해지는것 같고 오메가3는 항상 챙겨먹어야 하잖아요. 근데 이것 저것 여러개 안먹어도 되고 이거 하나만 먹어도 되는게 편하고 좋아요. 영양제 여러개 먹는것도 은근 고역이거든요. 이 가격에 세박스나 살 수 있으면 가격도 저렴해서 가성비도 좋네요.
1,3346214595,4,2022-01-14T01:02:22.258+0000,3가지 한꺼번에 포함되어 있어서 간편해요
2,3363257113,5,2022-02-09T05:30:08.320+0000,"잘받았습니다
잘먹을게요"
3,3355005721,5,2022-01-26T04:22:39.641+0000,부모님 드리려고 구입했습니다. 건강에 도움이 되면 좋겠네요.
4,3324798820,5,2021-12-15T08:25:37.210+0000,"와- 어제 저녁 라방 보고 주문했는데 오늘 낮에 받았어요. 배송 무슨일~ 
지난번 라방때 루테인 주문해서 먹었고, 이번엔 루테인 오메가 주문했어요~~ 믿고 먹습니다!"
5,3343341696,5,2022-01-10T07:27:39.993+0000,"빠른배송 감사합니다
먹어본후 효과좋으면 재구매 하겠습니다"
6,3361622765,5,2022-02-07T06:53:59.962+0000,먹기 편하고 좋아요
7,3350148341,5,2022-01-19T09:06:31.195+0000,잘 먹고 있습니다.
8,3355681867,5,2022-01-27T02:18:06.343+0000,요즘 눈이 침침해서 한번 사봣어요. 좋으면 또 먹어야죠.
9,3325799780,5,2021-12-16T12:19:21.339+0000,"배송도빠르구요 포장도꼼꼼하게잘왔어요 
자연의품격은 가격도저렴하고 품질좋고
믿고먹는곳이라 꾸준히이용하고있어요
영양제 알약이조금큰편이예요
조금작았으면좋겠네요 ㅎ
열심히먹고 또올께요"
10,3319044439,5,2021-12-07T12:21:20.272+0000,"안구건조증이 있어 오래 전부터 먹게된 제품인데,
많이 구매하고 구매평이 좋은 제품인 만큼 믿고 계속 이것만 먹게 되는 것 같아요.
배송 빠르구요, 포장에도 잘 신경써 주셔서 항상 만족하고 있습니다.
눈 건강은 이거 하나로 끝!"
11,3316893573,5,2021-12-04T09:48:01.008+0000,GNM에서 아로니아가루 잘먹고있어서  어머니 아버지 선물용으로 믿고시켜봤어요. 요즘 두분 넷플릭스본다고 밤새 tv보셔서 눈건강 챙겨드릴려구요. 1개씩 뜯어먹을 수 있어서 신선도나 청결도 모두 만족스럽네요. 근데 시킬땐 몰랐는데 3박스나 있더라구요? 한 개는 제가 먹어야겠어요
12,3346782328,5,2022-01-14T12:27:09.214+0000,재구매. 배송도 빠르게 와서 좋네요
13,3348964022,4,2022-01-18T00:57:39.976+0000,"루테인이랑 오메가3 따로먹었었는데 이것저것먹는게많아 한번에먹을려고 구매했습니다.GNM꺼  다른것도 
 만족하고 먹고있어요"
14,3353508545,4,2022-01-24T02:32:18.521+0000,배송이 빨라서좋았어요ㅎ아직 며칠안먹어서 잘모르겠지만 꾸준히먹어볼게요ㅎ
15,3340736128,5,2022-01-06T13:08:23.221+0000,"상품평이 좋아 구매해봐요~~^^
일단 유통기한은 넉넉해서 좋네요 ㅎ"
16,3359327194,4,2022-02-04T07:13:27.602+0000,항상 복용하고 있는 제품이에요.
17,3359326798,4,2022-02-04T07:12:56.694+0000,항상 복용하고 있는 제품 이에요.
18,3345905821,5,2022-01-13T11:28:07.101+0000,어제주문했는데 총알뱃능 짱입니다
19,3358475142,5,2022-02-02T13:31:30.514+0000,처음부터 먹고있는데 좋은것같아요
0,3347256863,5,2022-01-15T06:40:13.042+0000,잘받았습니다 감사합니다
1,3350985707,5,2022-01-20T09:56:02.941+0000,잘 먹겠습니다~~~
2,3351093408,5,2022-01-20T12:06:18.738+0000,설 선물용인당~~^^
3,3358234320,4,2022-02-02T01:11:33.756+0000,눈에 효과적이라고해서 구매했어요
4,3344265953,5,2022-01-11T11:51:59.668+0000,항상 주문합니다. 좋아요.
5,3342395000,5,2022-01-08T22:54:39.580+0000,"저렴하게 잘 구매했어요.
배송도 빨라요..."
6,3366184687,5,2022-02-12T13:51:07.029+0000,항상 먹고 이ㅛㅆ어여!
7,3362040979,5,2022-02-07T23:49:55.243+0000,배송이 빠릅니다!!
8,3348741719,5,2022-01-17T11:40:35.885+0000,잘받았습니다 잘먹을게요
9,3322243302,5,2021-12-11T14:49:19.744+0000,"남편 눈이 안 좋아지면서 루테인 영양제에 관심을 갖게 되었는데 오메가에 더해 빌베리까지 
눈건강에 도움이 되는 것들이 들어간 영양제라 구매했습니다. 먹기 전에 초콜렛향 같은 특유의 향이 나서 먹기 좋아요. 
배송과 포장도 꼼꼼하게 되어 오고 좋습니다.
앞으로 눈 영양제는 GNM으로 챙기려고 해요."
10,3346756653,5,2022-01-14T11:51:09.446+0000,먹던거 계속 재구매중이예요.
11,3345913117,5,2022-01-13T11:36:49.868+0000,"배송도빠르고 좋아요 
항상시켜먹는.."
12,3358401906,5,2022-02-02T10:30:34.158+0000,배송도 빠르고 포장도 깔끔하게 잘 왔습니다
13,3350170550,5,2022-01-19T09:35:45.710+0000,잘 먹고 있어요~~~
14,3344677785,5,2022-01-12T03:16:47.639+0000,꾸준히 챙겨먹고 효과 좋으면 또 올게요~
15,3350520275,5,2022-01-19T22:32:55.401+0000,"금요일날 저녁에 주믄햇는데 토요일날 바로 왓구요
루테인좋아요 
눈이 침침해서 구매 햇는데 좀 괜찮아진거같아요"
16,3352379992,5,2022-01-22T06:54:56.844+0000,"눈이 침침한 느낌에 한번 먹어보려고해요
깔끔하게 포장되어 좋습니다"
17,3350173314,4,2022-01-19T09:39:09.634+0000,잘 먹겠습니다~~~
18,3356190350,4,2022-01-27T14:23:56.148+0000,루테인 늘 챙겨먹고 있어요~ 눈에 좋겠죠~
19,3345870356,5,2022-01-13T10:46:14.570+0000,이번에 이벤트해서 구매합니다.
0,3345633392,5,2022-01-13T05:54:56.626+0000,항상 믿고 먹던 제품이라 좋아요~
1,3359928913,3,2022-02-05T02:39:29.356+0000,열씸히 복용중입니다.
2,3351587385,5,2022-01-21T05:08:57.343+0000,2달분 구매한거 다 먹고 추가로 3달분 주문합니다. 꾸준히 장기 복용하면 효과가 있을거라 기대합니다.
3,3327110047,5,2021-12-18T07:43:46.896+0000,배송이 빨라서 좋았습니다. 매번 루테인 오매가3 먹다가 황반에 좋은효과가 있는 루테인 지아잔틴 오메가3 로 갈아탔습니다. 먹어보고 괜찮으면 재주문 하겠습니다.
4,3360154838,5,2022-02-05T07:37:50.979+0000,알이 생각보다커요ㅜ
5,3353493662,5,2022-01-24T02:17:46.587+0000,"배송 엄청 빠르고요 포장도 정말 잘 되어 있습니다.
먹기편하고 좋아요..."
6,3317493863,5,2021-12-05T10:12:20.576+0000,예전에 했던 라식 부작용으로 피곤해지면 시야부터 흐릿해집니다ㅠ 그래서 눈 건강을 잘 지켜야겠다고 다짐했는데 최근 너무 피곤하고 눈도 아른아른거려서 질렀어요 오메가3도 들어 있는데 3개월분이어서 가성비 완전 좋은 거 같아요!!
7,3358795602,5,2022-02-03T07:41:32.058+0000,감사합니다 만이파세요
8,3351754304,5,2022-01-21T08:49:34.128+0000,선물드리려고 구매한간데 너무 구겨져서 와서ㅠ 좀 속상했는데~~ 그래도 만족합니다^^
9,3317024491,5,2021-12-04T13:20:32.270+0000,지엔엠 루테인오메가 성분이며 가격이며 만족하며 몇번째 구매중이에요. 눈 수술 후 10여년간 꾸준히 눈 관리 중이에요. 루테인도 꼭 먹고 있도 오메가3도 눈에 좋다는 연구가 많아서 먹고있어요. 좋은 지방 섭취하도 보충제로도 먹어주고. 관리가 중요한것 같아요.
10,3356312468,5,2022-01-28T00:33:18.536+0000,"배송도 빠르고 먹가도 좋어요
눈이 마니 피로한데 좋아졌음 좋겠어요~"
11,3359231349,5,2022-02-04T04:59:31.675+0000,잘받았어요  잘먹을게요~^^
12,3354685665,5,2022-01-25T13:42:47.373+0000,신랑먹으라고 샀어요 잘 먹고 있어요 감사합니다
13,3356000962,5,2022-01-27T10:04:30.109+0000,"포장이 친환경으로 제일 기분 좋게왓어요
주소도 엄청 잘떼지고!!!"
14,3356074197,5,2022-01-27T11:45:51.416+0000,항상 먹던거에요.배송빠릅니다
15,3357426252,4,2022-01-30T02:58:09.911+0000,매번 구매했는데 이번에도 재구매했습니다.
16,3328317049,5,2021-12-20T05:16:56.532+0000,"23년  9월 까지제품이도착했어요 
꼭 필요한 필수 성분들로 되어있어 만족도가높은 제품입니다 오메가3epa dha합600mg이라고되어있는데 알티지 오메가는 아닌거같아요  이부분  비율이 조금더 정확하게 명시되어있었음 좋겠어요"
17,3353487394,5,2022-01-24T02:11:35.076+0000,"좋은상품잘먹을께요
포장도잘되어있고만족합니다"
18,3343888917,5,2022-01-11T04:39:49.290+0000,두번째 구매입니다 만족합니다
19,3349026488,5,2022-01-18T02:11:16.290+0000,진짜 배송 빨라요....!!!!
0,3352837793,5,2022-01-23T01:57:40.576+0000,"배송도 빠르고 좋아요!
라이브행사가로 잘 구매했습니다!!"
1,3345996366,5,2022-01-13T13:12:42.965+0000,다 먹어서 또 주문했어요!!
2,3343176429,5,2022-01-10T03:15:28.391+0000,"잘 받았습니다 
재구매입니다 
감사합니다"
3,3352240412,5,2022-01-22T03:24:52.802+0000,눈이 흐힛해져서 구매했어요 라이브방송 많이 해주세요
4,3344875245,5,2022-01-12T07:25:52.193+0000,"빠른배송, 포장 잘 되어 있어요~."
5,3348704774,4,2022-01-17T10:38:23.438+0000,"약특성상 다그런건지는 모르겠으나 약크기가 큽니다
큰약 먹기 힘드신분들은 약간힘드실수도,성인남성 새끼손가락 끝 마디정도 됩니다"
6,3354577334,5,2022-01-25T11:52:19.576+0000,가성비 갑인듯 먹던 영양제들 여기 제품으로 봐꾸는중이에요 ~
7,3345491117,5,2022-01-13T02:48:02.125+0000,"잘 도착했어용~
잘 사용할께요"
8,3332801808,5,2021-12-26T13:23:37.607+0000,"배송도 엉청 빠르고.
라이브 방송으로 저렴하게 구매했습니다.
효과가 좋아서 이 제품만 구매해서 복용중입니다."
9,3333791339,5,2021-12-28T03:09:40.623+0000,먹을땐 몰랐는데 2주정도 안먹으니 침침한게 느껴지더라구요 ㅜㅜ 그래서 재주문 꾸준히 먹어야겠어요~
10,3344551635,5,2022-01-12T00:06:02.224+0000,빠른배송 너무좋아요
11,3352203610,5,2022-01-22T02:39:28.406+0000,신랑과 계속 주문해서 먹고 있는데 이번에 라이브 방송때 좋은 기회로 추가 주문하게 되었어요^^
12,3354333376,5,2022-01-25T06:52:01.032+0000,좋아요~눈이뻑뻑해서같이먹는걸로~~
13,3351056269,5,2022-01-20T11:23:47.575+0000,라이브 판매 때 저렴하게 구매했어요. 배송도 바로 다음날 와서 좋았어요.
14,3353043595,5,2022-01-23T07:46:08.271+0000,똑 떨어져서 구매했습니다. 늘 잘 먹고 있습니다.
15,3355150742,3,2022-01-26T07:49:50.699+0000,가격.구성 모두 좋은데 효과는 꾸준히 먹어봐야 알듯해요.
16,3343426960,5,2022-01-10T10:08:23.693+0000,성분과 가격이 좋아 구매했어요^^
17,3336718139,4,2022-01-01T01:07:53.764+0000,"눈 건강에 좋다고 해서 주문 했어요
저렴한 가격에 잘 산거 같아요"
18,3343023970,5,2022-01-10T00:27:29.776+0000,크기는 크지만 항상 먹는거에요!
19,3341137350,5,2022-01-07T03:52:31.193+0000,"배송은 적당한 기간내에 잘 도착했어요.
눈이 침침하고 건강을 위해 주문했는데 효과가 좀 있었으면 하는 바램으로 열심히 복용하도록 할께요. 다 먹고나면  다시 구매하도록 하겠습니다. 수고하세요 ~~~"
0,3331412700,5,2021-12-24T05:33:39.749+0000,여러가지 먹는게 부담스러웠는데  한알로 3가지를 해결할수있어서 좋아요  가격도 저렴하고 ㅎ 열시미 챙겨 먹고 있어욤
1,3324763689,5,2021-12-15T07:45:26.323+0000,가격도 다른 곳보다 저렴하게 사서 너무 좋고 아직 먹어보진 않았지만 이제부터 챙겨 먹으려구여 그리고 택배가 미친 듯이 빨라서 옆집에서 배달해 준 기분이에요 어제 저녁에 시켰는데 오늘 오후에 왔더라구요 완전 👍🏻 감사합니당 ~!
2,3358115535,4,2022-02-01T10:48:14.919+0000,잘 사용하고 있어요
3,3349517385,5,2022-01-18T12:26:01.967+0000,"루테인 지아전틴 오메가3 꼭 섭취해야 할 눈 영양제인데 한알에 섭취할수 있어서 좋아요
전 앞으로도 계속 이것만 구매힐려구요"
4,3354047930,5,2022-01-25T00:06:25.274+0000,배송빠르고 포장 꼼꼼히 잘되어 왔습니다 꾸준히먹어볼래요
5,3336392314,5,2021-12-31T07:57:14.440+0000,몇년간 꾸준히 구입하는 착한기업템이어요~
6,3343234312,5,2022-01-10T04:35:27.719+0000,어머니가 눈 좋아지셨다고 해요~~
7,3355159473,5,2022-01-26T08:01:13.888+0000,"명절선물로 구매했습니다
좋은 영양제 잘먹을게요"
8,3347084090,5,2022-01-15T02:44:47.810+0000,아주 만족합니다 ~~^^
9,3345683581,5,2022-01-13T06:55:36.733+0000,저렴하게 잘 샀어요 ^^
10,3351739606,5,2022-01-21T08:28:52.625+0000,"가족과함께 챙겨먹고있습니다
플러스원행사하길래 더저렴하게
구매하였습니다
감사합니다~~"
11,3338293656,5,2022-01-03T13:22:46.799+0000,켑슐이 조금 크긴하지만 하루에 한번 챙겨먹는게 편하고좋네요
12,3351212566,5,2022-01-20T14:37:27.763+0000,행사가격으로 저렴하게 구매했어요 온가족 같이 먹고 있어요
13,3357238400,5,2022-01-29T12:51:07.513+0000,항상 엄마 사드리는제품 좋늡니다.
14,3357128310,4,2022-01-29T07:39:28.313+0000,빠른 배송으로 상품 잘 받았어요
15,3347420741,5,2022-01-15T10:50:24.853+0000,눈이 건조해서 오메가3  먹으려다  루테인까지 같이 섭추할수있어 주문했어요. 효과 좋았으면좋겠네요
16,3343738590,5,2022-01-11T01:32:47.535+0000,지아잔틴 이번에 처음
17,3343441951,5,2022-01-10T10:37:00.474+0000,가격도 좋고 양도많아서 좋아요
18,3345539774,5,2022-01-13T03:55:40.848+0000,재작년부터 GNM 영양제 먹고 있는데 비오틴과 루테인 격일로 먹다가 이번엔 밀크씨슬 먹어보려고 샀습니다. 이렇게라도 챙겨먹으니 잔병치레가 없다고 생각하며 꾸준히 챙겨먹는중
19,3352299032,5,2022-01-22T04:52:49.750+0000,재구매햇어요 꾸준히 먹는중인데 좋은것 같아요
0,3355779319,5,2022-01-27T04:51:01.645+0000,급하게 필요했는데 빠룬배송 해주셧어요
1,3343306652,4,2022-01-10T06:28:22.382+0000,돌려가며먹고있습니다
2,3338895438,5,2022-01-04T10:48:54.525+0000,"효과가 있었으면 좋겠어요~ 
기대해볼게요.."
3,3357714731,5,2022-01-31T00:38:35.255+0000,항상 믿고 주문합니다
4,3343689246,5,2022-01-11T00:27:52.024+0000,"배송 빨라요, 추천합니다."
5,3350523153,4,2022-01-19T22:46:32.353+0000,"시력이 안좋아져서 구매했어요
효과를 기대해봅니다"
6,3330492671,5,2021-12-23T02:25:44.243+0000,"밀크시슬 계속 주문해서 먹다가 이번에 루테인 추가했네요. 배송 빠르고 포장상태, 유통기한도 양호하네요. 많이 파세요~"
7,3330740751,5,2021-12-23T08:11:43.558+0000,"91,84세 친정아버지와 어머님이 함께 드시는데
항상 눈이 침침하시다고 하시어 7개월째  복용중입니다~ 두분다 만족하시어  계속 드실 예정입니다!"
8,3335955315,4,2021-12-30T16:25:44.163+0000,라이브방송때 구매했습니다 다른제품은 먹어봤는데 이제품은 처음이라 건강에 도움이되었으면 좋겠습니다.
9,3348661009,5,2022-01-17T09:13:15.220+0000,금요일밤에 주문했는데 다음날 낮에 택배로 받았어요 배송 짱~! 효과도 좋길 바래요!!
10,3318082307,5,2021-12-06T06:54:12.271+0000,"조정석 루테인으로 너무 유명한거죠~~ 라식수술하고
눈건강을 위해 루테인은 항상 챙겨먹고있어요 물론 오메가두요!
눈건강에 좋은 성분 가득 들어있으니 믿고 먹고 있어요^^"
11,3355796608,5,2022-01-27T05:17:27.044+0000,빠른 배송으로 설선물 잘 준비했어요
12,3324598600,5,2021-12-15T04:17:10.967+0000,"늘 먹고 있는 거라 
라방 알람 맞춰 놓고 기다리다 구매했어요 
라방 놓칠까봐  조마조마 
할인에 1박스 추가 너무 좋아요 
겨울에 특히 안구건조증이 심해서 
2년정도 꾸준히 먹고 있어요
지금은 새벽에 건조해서 
식염수 넣으려고 일어나는 일이 없어요
진짜 너무 좋아요"
13,3325669236,5,2021-12-16T09:42:01.661+0000,"일단 gnm이라
믿을만함
루테인 지아쟈틴 오메가3 있어서 
눈에 좋을거같군요
혈행개선은 덤이군요
가격도 할인해서 착하네요"
14,3356217307,5,2022-01-27T15:18:32.654+0000,오메가까지 먹을 수 있어서 좋아요
15,3330334715,5,2021-12-22T19:19:07.788+0000,"안녕하세요 
평상시 한달에 한번 주문해는데
세일기간이라 저는 24박스 구매했어요좋은 기회을 주셔서 감사합니다"
16,3355277884,5,2022-01-26T10:34:10.996+0000,"생각도 안했는데 제품 도착
빨라서 좋네요"
17,3355532201,5,2022-01-26T16:53:42.912+0000,"배송이 빨라서 좋네요
효과있길 바랍니다"
18,3355634678,5,2022-01-27T01:06:36.987+0000,상품 배송 후 상태가 양호하고 빠른 배송 만족
19,3337921108,5,2022-01-03T04:02:14.274+0000,"어머니가 주문해달라고 하셔서 구매했어요
배송빠르네요"
0,3340026296,5,2022-01-05T18:44:56.604+0000,"오메가3루테인에서
이게더좋아보여 갈아탔음ㅎ"
1,3342803204,5,2022-01-09T11:44:14.084+0000,배송완전빠르고 좋아요~
2,3355778307,5,2022-01-27T04:49:34.871+0000,다른곳보다 저렴하고 먹기 좋아요
3,3356345839,5,2022-01-28T01:18:40.471+0000,배송도 빠르고 가성비 값이네요.
4,3340402494,5,2022-01-06T06:38:14.223+0000,배송도 빠르고 포장도 비닐없이 와서 넘 좋네요!!
5,3342689949,5,2022-01-09T08:09:33.292+0000,알약 사이즈가 좀 크긴 커요.. ㅠ
6,3325109239,5,2021-12-15T14:28:32.561+0000,원래 GNM 루테인 오메가3 잘 챙겨먹고 있었는데 라이브 혜택이 좋아 미리 좀 쟁여뒀어요 지아잔틴까지 들어있으니 더 좋을거라 기대기대🤩 유통기한이 내년 9월까진데 남편이랑 먹을거라 기간은 충분하네요~ 잘 먹을게요
7,3325808782,5,2021-12-16T12:29:58.430+0000,자연의 품격 영양제 다 좋아요. 타사에 비해 저렴하고 제품도 좋은거 같아요. 원래 루테인 오메가 3. 먹다가 이제품으로 갈아탔닐데 조금 비싸지만 눈물도 덜 나고 보이는것도 좀더 잘 보이는거 같아요.
8,3341181743,4,2022-01-07T04:42:29.253+0000,"유통기한 23년 9월 13일 넉넉해요
신랑주려고 샀어요~~"
9,3351785014,5,2022-01-21T09:34:41.825+0000,잘먹을게요. 건강해질거같아요. 감사합니다
10,3324836107,5,2021-12-15T09:10:36.179+0000,"밀크씨슬이랑 오래전부터 먹던건데 좋은기회라 구매했네요 잘먹을께요
다음에 또 기대합니다"
11,3339311005,5,2022-01-05T01:40:38.272+0000,요즘 눈이 안좋아서 먹기시작했어요
12,3334900366,4,2021-12-29T10:05:54.824+0000,항상 구매하는 상품입니다. 꾸준히 챙겨먹으면 좋겠죠^^
13,3345327586,5,2022-01-12T21:34:39.455+0000,"눈이 피곤하여 구입했습니다.
나이가 먹어감에 눈의 피로감이 많이 있네요
꾸준하게 잘 먹어봐야ㅈ겠습니다.
알약은 조금 큰편입니다."
14,3325807464,5,2021-12-16T12:28:24.016+0000,자연의 품격 영양제 다 좋아요. 타사에 비해 저렴하고 제품도 좋은거 같아요. 원래 루테인 오메가 3. 먹다가 이제품으로 갈아탔닐데 조금 비싸지만 눈물도 덜 나고 보이는것도 좀더 잘 보이는거 같아요.
15,3350239485,5,2022-01-19T10:57:32.125+0000,매번 먹던 거 넉넉히 구매했어요. 한 통 더와서 좋아요!
16,3353759044,5,2022-01-24T08:55:12.623+0000,배송이 무척 빠르고 포장도 잘되어왔어요
17,3354395962,5,2022-01-25T08:15:49.463+0000,빠른 배송 촣아요. 효과는 일단 먹어보고
18,3340073488,5,2022-01-05T23:49:41.214+0000,괜찮은거 같아서 재구매했어요
19,3354138146,5,2022-01-25T02:08:18.963+0000,일단 눈에 좋은것같아요 꾸준히 먹어볼께요
0,3349903869,4,2022-01-19T03:55:42.483+0000,눈이 너무 침침해서 검색하다가 마침 라이브 이벤트로 할인+1박스 더 받아서 좋아요~
1,3353055073,5,2022-01-23T08:08:21.393+0000,"친환경적인 포장 
엄청 빠른 배송 
잘받았습니다.
많이많이 파세요."
2,3355740449,5,2022-01-27T03:52:57.758+0000,먹고 좋아서 계속 먹게되요
3,3350276868,5,2022-01-19T11:37:27.884+0000,자주 구매하고 있어요. 빠른 배송 감사합니다.
4,3352847567,5,2022-01-23T02:09:02.084+0000,"잘 먹을께요
번창하세요"
5,3349918891,3,2022-01-19T04:17:22.384+0000,리뷰보고주문했네요~효과가 있어으면좋겠네요
6,3335171889,5,2021-12-29T16:05:07.217+0000,배송빨라요. 포장도꼼꼼하고 효과있으면좋겠어요
7,3351942112,5,2022-01-21T13:18:04.455+0000,잘 못 주문했는데 ㅎㅎ 그냥 먹으러규요 ㅎㅎ
8,3326755736,5,2021-12-17T21:51:50.674+0000,"왜 영양제는 한꺼번에 떨어지는지...ㅠㅠㅋ
유통기한 넉넉해요!
이렇게라도 건강을 챙기기"
9,3351347684,5,2022-01-21T00:37:45.624+0000,늘 먹고있는 제품인데 라방으로 더 저렴하게 구입해서 더 좋아요
10,3325243555,5,2021-12-16T00:18:11.829+0000,어모나 제가 요거구매하고 몸이너무가볍고좋아져서 같이나누어먹고있어요 재구매합니다너무감사해요행사도해서 라이브때샀어요 꿀잼이에요 담에도함께해요
11,3352581538,5,2022-01-22T12:07:02.029+0000,루테인이랑 오메가3 한번에 먹을 수 있어서 좋네요
12,3350584267,5,2022-01-20T00:51:49.383+0000,유통기한도 넉넉하고 잘 먹어보고 좋으면 또 구매 하려고합니다
13,3338754040,4,2022-01-04T08:12:22.486+0000,빠른배송감사합니다 잘먹을게요
14,3353926657,5,2022-01-24T13:38:17.700+0000,한알에 해결해도되니너무 좋아요
15,3349989996,5,2022-01-19T05:54:13.287+0000,"꾸준히 먹고있는 제품이에요~~
눈건강을 위해~~"
16,3353239125,5,2022-01-23T13:26:55.392+0000,잘 먹고 있습니다~ 항상 좋은 상품 감사합니다!
17,3333597607,5,2021-12-27T15:02:58.273+0000,"몇년째 꾸준히 먹고있어요!
늘 쟁여놓고 가격좋고 먹어요😄"
18,3356177385,4,2022-01-27T14:03:39.180+0000,여러가지가 한가지로 통일
19,3351625463,5,2022-01-21T05:59:37.033+0000,아직 약효는 정확히 모르겠으나 꾸준히 먹고있어요
0,3355267836,5,2022-01-26T10:21:38.334+0000,눈이 점점 편안해져요
1,3353344558,5,2022-01-23T20:51:58.053+0000,오메가까지 포함되어 만족합니다
2,3352220451,5,2022-01-22T02:58:32.196+0000,항상 배송 빠르고  저렴하게 잘구입 했습니다
3,3357142734,5,2022-01-29T08:19:00.301+0000,항상 챙겨먹어요...
4,3353157717,4,2022-01-23T11:21:22.629+0000,효과도좋고가격대비가성비최고
5,3354016337,4,2022-01-24T21:12:04.764+0000,배송 빠르고 포장도 좋네요
6,3349737945,5,2022-01-18T23:12:48.526+0000,"자연의품격에서 다른건 많이 구입했지만
이건처음 기대해본다."
7,3352609370,5,2022-01-22T12:49:49.250+0000,"아직 먹어보진 않았지만
꾸준히 먹을게요"
8,3355660393,5,2022-01-27T01:45:25.167+0000,"배송도 빠르고, 제품도 좋아요~"
9,3336149347,5,2021-12-31T02:42:03.072+0000,"배송은 엄청 빨라요
함유량이 좋아서 구매했는데
알이 크긴크네요 ㅠ ㅠ"
10,3338568021,5,2022-01-04T04:04:01.382+0000,잘받았읍니다 좋좋읍니다
11,3347728507,5,2022-01-16T02:03:12.865+0000,여러 번 구매해서 먹고 있어요~~배송도 넘 빨라요~
12,3336662648,5,2021-12-31T19:52:11.177+0000,꾸준히 먹고있습니다 효과 보기를 바래용
13,3325145828,5,2021-12-15T15:35:53.352+0000,가족들 모두 루테인 먹고있어요. 지아잔틴좋대서 먹어보려구요. 라이브방송보고 구매했는데 배송이 하루만에 왔어요. 잘먹을게요 고맙습니다
14,3353032228,5,2022-01-23T07:24:22.779+0000,늘 먹던건데..행사 할 때 싸게 샀어요~
15,3354251365,5,2022-01-25T04:52:53.422+0000,저렴하게 구입했어요
16,3327699494,5,2021-12-19T07:04:35.241+0000,"아버지 새해 선물로 6개월치 구입했습니다! 프로폴리스, 오메가 모두 저렴한 가격에 잘 이용하고있어요!"
17,3348789805,5,2022-01-17T12:57:06.107+0000,"항상 부모님 주문해드리는거예요.
조아요.조아요"
18,3337896226,5,2022-01-03T03:27:16.407+0000,배송 진짜 빨라요 꾸준히 먹어볼게요
19,3350112266,5,2022-01-19T08:23:41.838+0000,3개월 꾸준히 먹고 있는 제품인데 떨어져서 재구매합니다.
0,3337675212,3,2022-01-02T15:51:54.621+0000,빠른배송에 포장도꼼꼼해요
1,3350931942,5,2022-01-20T08:42:25.899+0000,"아직 먹어보진않았지만 
꾸준히 먹어보고 재구매할게요"
2,3350281462,5,2022-01-19T11:42:09.295+0000,배송빠르고 타사대비 가격도 적당한거같습니다
3,3334721944,5,2021-12-29T06:23:31.553+0000,매번 구매하고 있는데 배송도 빠르고 포장도 꼼꼼해서 좋아요
4,3350512805,4,2022-01-19T21:46:32.812+0000,배송도 빠르게 왔고 좋은 가격에 잘 산거 같네요~~
5,3330335434,5,2021-12-22T19:30:24.871+0000,상품 잘받고 저는 한달에 한번씩 주문해서 먹는데 세일 좋은기회을 주셔서 감사합니다 12개나 구매했어요
6,3354033435,5,2022-01-24T23:17:04.341+0000,빠른 배송감사합니다.
7,3324606193,5,2021-12-15T04:27:45.130+0000,어제 라방보고 주문했는데 오늘 오전에 도착했어요 배송 진짜 빨라요! 평점도 좋고 부모님 선물드릴려고 구입했는데 효과가 있기를~
8,3351884582,5,2022-01-21T11:56:52.800+0000,늘 먹던 제품이라 재구매 했습니다
9,3353690575,5,2022-01-24T06:57:00.546+0000,배송빨라요 항상 시켜먹어요
10,3353042098,5,2022-01-23T07:43:20.654+0000,목넘김도 편하고 괜찮네요.
11,3318625854,5,2021-12-07T04:08:46.794+0000,"컴퓨터를 너무 많이하는 직업이라
이번에 한번 구매해보네요
겨울이라 눈도 건조하고 눈 걱정이 
많이 됐는데 
오메가3까지 들어있어서 좋네요~"
12,3352207102,5,2022-01-22T02:43:15.399+0000,이제 건강해지는 일만 남았네요~
13,3352487366,5,2022-01-22T09:43:16.713+0000,먹던건데 저렴하게 잘샀어여~
14,3352115305,5,2022-01-22T00:55:26.088+0000,오메가3까지 함유되어서 좋아요
15,3349311966,5,2022-01-18T08:44:09.482+0000,"배송이 빨라요^^
재구매입니다"
16,3352209507,5,2022-01-22T02:45:53.029+0000,쟁여놓고 먹는 비타민이에요
17,3329838954,4,2021-12-22T06:07:23.101+0000,눈 피로할 때 괜춘해요. 안 먹을 때보다는 좋습니다. 알이 너무 굵고 딱딱해서 목구멍이 캑캑ㅎㅁ
18,3348839621,5,2022-01-17T14:21:57.222+0000,엄청빨리 도착했어요 잘먹을께요
19,3352455770,5,2022-01-22T08:50:35.728+0000,항상 먹는 제품입니다. 좋습니다.
0,3353059883,3,2022-01-23T08:17:41.448+0000,빠른배송 정확한 정보
1,3352271166,4,2022-01-22T04:09:58.263+0000,빠른 배송 상품 만족합니다
2,3349489461,5,2022-01-18T11:58:49.002+0000,"상품 잘받았습니다
포장도 잘해주시고 배송도빠르네요"
3,3352195989,5,2022-01-22T02:31:30.608+0000,효과 기대하며 구매합니다
4,3346842848,5,2022-01-14T13:59:05.073+0000,배송빨라요. 눈에 좋다고 해서 주문 했습니다^^
5,3351115193,5,2022-01-20T12:31:46.142+0000,좋은제품 저렴하게 구입했습니다
6,3332410636,5,2021-12-26T01:37:37.053+0000,"배송도 빠르고 엄마가 계속 드시는데
눈이 안건조하다고 하시네요 ㅋㅋ"
7,3339074052,5,2022-01-04T13:37:35.300+0000,알약이 너무 크긴해요....ㅜ
8,3353133375,4,2022-01-23T10:41:53.899+0000,괜찮은 것 같습니다
9,3327216499,5,2021-12-18T10:40:09.217+0000,저녁에 주문했는데 다음날 바로 와서 깜짝 놀랐어요. 처음 주문해서 먹어보고 잘 맞아서 추가주문했어요.
10,3352878867,4,2022-01-23T02:48:05.891+0000,항상 잘 챙겨 먹고 있어요~~
11,3351192749,5,2022-01-20T14:06:29.996+0000,루테인은 여기에서만 주문합니다.
12,3324858147,5,2021-12-15T09:38:01.697+0000,어제 주문했는데 하루만에배송도 잘받았습니다.덕분에 가족들것까지 넉넉히 주문했어요.늘 먹던거여서 믿고 잘 먹고 있어요~^^
13,3352364503,5,2022-01-22T06:31:23.152+0000,믿고먹는 영양제에요
14,3351084118,5,2022-01-20T11:55:21.124+0000,가격 비교해보고 구매했어요
15,3329749111,5,2021-12-22T04:03:43.430+0000,제꺼 사면서 부모님 드릴려고 같이 샀어요~ 많이파세요~
16,3350077080,4,2022-01-19T07:42:05.137+0000,먹던 영양제가 떨어져서 주문했어요~
17,3331135583,5,2021-12-23T23:38:03.101+0000,"알이 다른 영양제들에 비해 좀 더 커요
알약 잘 못넘기는 분들은 힘들 수 있어요"
18,3354847912,5,2022-01-25T23:59:05.964+0000,좋아요좋ㅇ요좋아용ㅇㅇ
19,3347179496,5,2022-01-15T04:52:23.521+0000,루테인 안먹은지 좀 되서인지.. 눈건강이 신경쓰여서 구매했어요!
0,3346916855,4,2022-01-14T17:36:01.043+0000,항상 먹고있던 제품이라 눈에 좋을거라고 믿고 재구매합니다
1,3343666879,5,2022-01-10T23:32:50.611+0000,늘 사용하는 좋은 제품 또 구매했어요. 너무 좋아요. 강추합니다.
2,3350855664,3,2022-01-20T07:06:53.166+0000,잘받았습니다. 꾸준히 먹어볼게요.
3,3346388155,5,2022-01-14T03:56:05.672+0000,딸래미  주었는데 양도 많고  물없이 목넘기이 아주 좋다고 하네요
4,3350572991,5,2022-01-20T00:37:05.791+0000,계속 먹는거라서 다시 샀어요
5,3336921539,5,2022-01-01T07:08:59.864+0000,매번 주문해서 먹어요
6,3337132389,4,2022-01-01T15:08:54.425+0000,루테인 없이는 못살아 정말 못살아 ㅋ안 먹으니 눈이 또 금새 뻑뻑해져서 주문 했습니다. 저번 종근당 루테인이 더 나은것 같기도 하고. 열심히 잘 먹어볼게요!!
7,3347547848,5,2022-01-15T14:07:46.506+0000,저렴한가격.빠른 배송 좋아요
8,3351527682,5,2022-01-21T03:52:49.844+0000,"배송, 상품 모두 만족합니듕"
9,3327544256,5,2021-12-19T02:47:15.589+0000,나이들수록 눈의 피로가 와서 남편과 제가 같이 먹으려고 주문했습니다 가성비 좋아서 다음에 재주문할 것 같아요
10,3325902707,5,2021-12-16T14:34:23.176+0000,배송 정말 빠르네요. 평소보다 싸게 잘 구입했어요
11,3352248785,5,2022-01-22T03:36:39.735+0000,배송 빠르고 좋아요
12,3349313228,5,2022-01-18T08:45:43.186+0000,가격도 좋고 늘먹던 제품이라 좋습니다.
13,3331899436,5,2021-12-25T01:48:05.200+0000,루테인과 지아잔틴 오메가3를 한번에 섭취할수있어서 좋아요
14,3348303108,5,2022-01-17T01:06:10.567+0000,추천받고 샀는데 먹어보고 다시 올려볼께요
15,3350622635,5,2022-01-20T01:42:21.152+0000,어머니가 좋으시다고 합니다
16,3329411544,5,2021-12-21T13:31:35.826+0000,"혼자 사는동생을 위한 선물^^ 건강 잘 챙겨라ㅡ
많이 보냈다고 진심 놀란 녀석ㅎ"
17,3337115685,5,2022-01-01T14:24:59.646+0000,항상 챙겨먹고있어요~
18,3327146766,5,2021-12-18T08:41:14.872+0000,루테인하고 오메가 같이 있어서 좋아요 부모님댁에 보내드렸는데 좋아하시네요
19,3334640171,5,2021-12-29T04:33:01.813+0000,"좋습니다
오메가3 먹고싶었는데 잘됫네요ㅎㅎ"
0,3351706966,5,2022-01-21T07:44:31.134+0000,배송도 빠르고 제품도 좋아요
1,3349909446,5,2022-01-19T04:03:33.130+0000,눈건강 생각해서 챙겨먹어여
2,3327004413,5,2021-12-18T05:08:56.287+0000,"계속 먹던거라 이번에도 주문을...
건강보조식품은 먹어서 좋아지기보다 더 나빠지지 않게  하기위해 먹는거라  생각하고 먹습니다."
3,3335884186,5,2021-12-30T13:54:40.149+0000,좋아 보여요 감사합니다
4,3334817653,5,2021-12-29T08:22:01.130+0000,부모님이랑 같이 먹는데 좋아요~
5,3349778249,5,2022-01-19T00:41:55.858+0000,한번에 먹을 수 있어사 좋아요.
6,3335032277,5,2021-12-29T12:36:35.771+0000,눈 건강을 생각해서 구입했어요 :)
7,3325244757,4,2021-12-16T00:20:08.172+0000,루테인 필요해서 알아보던중 네이버 상품방송보고 3+1으로 구입했습니다. 저렴하게 잘 샀네요.
8,3331009137,4,2021-12-23T13:58:45.287+0000,생각보다 약이 좀~커요. 그래도 잘 넘겨 줘요ㅎ
9,3324502259,5,2021-12-15T01:56:24.540+0000,배송 정말 빨라요! 약크기가 큰편이라 목에 걸릴 수도 있을 것 같은데 효과만 있다면야!
10,3332976667,5,2021-12-27T01:04:01.825+0000,꾸준히 눈건강을위해 섭취하려고합니다!
11,3325877740,5,2021-12-16T13:56:49.295+0000,루테인오메가 먹고있었는데 라방쎄일해서 구입했어요 눈이 더더 맑아지길
12,3318005538,5,2021-12-06T05:06:18.483+0000,"어제 주말에주문했는데 오늘도착했네요~배송완전빠릅니다~~^^
다른거 복용하다가 빠꿔보고싶어서 처음으로 주문했는데 효과가있음좋겠네요~처음이라 우선3통구매했는데 신랑이랑같이 복용해보고 재주문할께요~"
13,3325100535,5,2021-12-15T14:16:08.830+0000,"2달정도 먹고 시력이 회복되어 다시 재주문 했어요.
눈건강에 도움이 되고 건조하지 않아 좋아요"
14,3350516901,5,2022-01-19T22:15:11.047+0000,배송도 빠르고 아주 좋아요~ ^^
15,3324887206,3,2021-12-15T10:12:56.943+0000,"구매해서 먹고 있는데 재구매했어요.
효과는 잘 모르겠지만 좋아질거란 기대를 갖고 먹고 있어요"
16,3350426299,5,2022-01-19T14:27:24.903+0000,항상 잘 먹고 있습니다
17,3350333645,5,2022-01-19T12:37:25.088+0000,빠른배송 꼼꼼한포장
18,3344171794,5,2022-01-11T10:21:40.786+0000,루테인이 다되어 제품을 바꿔봤습니다 효과가 좋았으면좋겠습니다
19,3349797076,5,2022-01-19T01:14:05.826+0000,GNM 다양한 영양제 건강챙기세요
0,3349623286,5,2022-01-18T14:18:35.502+0000,먹던거 다시주문했어요
1,3331690021,5,2021-12-24T12:51:34.999+0000,"늘 시켜먹는 보조식품
눈이 좋아지는게 느껴집니다"
2,3348366944,5,2022-01-17T02:12:21.641+0000,"배송,제품 만족해서 재구매했습니다."
3,3333517164,5,2021-12-27T12:52:52.070+0000,사이즈가 약간 큰데 먹기좋아요
4,3326502303,5,2021-12-17T09:46:01.326+0000,빠른 배송 감사합니다. 식구들과 나눠먹으려 넉넉히 주문했네요
5,3350688708,5,2022-01-20T03:17:48.377+0000,항상 잘 먹고 있어요!
6,3345535387,5,2022-01-13T03:49:44.295+0000,설연휴로 인터넷가중 가장 저렴하게 득템했네요
7,3348651468,5,2022-01-17T08:54:57.234+0000,배송대박입니다 새벽 뺨침니다ㅎㅎ
8,3347303152,4,2022-01-15T07:45:17.751+0000,음 눈피로도가 좀 줄어든거같네여
9,3349208167,5,2022-01-18T06:33:17.946+0000,편하게 잘 먹고 있어요
10,3345900246,5,2022-01-13T11:21:29.958+0000,"루테인과 오메가를 한알로 먹을 수 있어
좋아요"
11,3344775027,5,2022-01-12T05:25:22.018+0000,"눈의 피로도가 덜한듯 싶고 
오메가3도 함께 들어있어 넘 좋아요~"
12,3344237935,5,2022-01-11T11:26:33.242+0000,"하루만에.왔어요 
항상 믿고.먹고있어요"
13,3347857841,5,2022-01-16T05:29:00.985+0000,배송 빠르고 물건 좋고 좋습니다
14,3347696724,2,2022-01-16T01:22:10.379+0000,먹고 있는데 아직은 모르겠네요
15,3333491155,5,2021-12-27T12:17:39.339+0000,싸게 산건 같네요 굿입니다
16,3346154336,5,2022-01-13T23:17:04.677+0000,호과가 좋은것 같아 꾸준히 잘 먹고 있습니다.
17,3350941986,5,2022-01-20T08:55:48.738+0000,"잘받았습니다
잘먹을게요"
18,3352186796,5,2022-01-22T02:21:29.350+0000,역시 루테인은 GNM
19,3350389863,5,2022-01-19T13:39:36.706+0000,첫 영양제 도전이예요.ㅎㅎ
0,3345569400,5,2022-01-13T04:34:56.133+0000,하상 빠지지않고 재구매 해서 잘먹고 있습니다
1,3349534522,5,2022-01-18T12:42:46.362+0000,빠른배송감사합니다.
2,3350414642,5,2022-01-19T14:10:48.834+0000,원래먹던거 좋아요..
3,3323614065,5,2021-12-14T00:47:48.029+0000,"저번에 시킨거 다 먹고 다시 재구매했어요
눈이 안나빠지길 바라며 꾸준히 먹을께요"
4,3345569379,5,2022-01-13T04:34:55.001+0000,먹기 쉽고 올라오는 냄새 없어서 매일매일먹고있어요
5,3350843479,5,2022-01-20T06:52:07.385+0000,좋은 제품 굿굿굿!!
6,3328552320,5,2021-12-20T11:46:29.596+0000,눈건강을 위해서 루테인 지아잔틴 구입후 꾸준히  섭취해야겠어요~
7,3324985283,5,2021-12-15T12:01:20.890+0000,좋다는 소문 듣고 구매했습니다. 라방 덕분에 온가족 건강 챙겼네요.
8,3324984471,5,2021-12-15T12:00:27.488+0000,좋다는 소문 듣고 구매했습니다. 라방 덕분에 온가족 건강 챙겼네요.
9,3323294142,5,2021-12-13T08:29:22.363+0000,배송 완전 빠르네요 일요일 저녁 주문했는데 월요일 도착했어요. 포장도 꼼꼼하고 잘 먹을게요!!
10,3325169324,5,2021-12-15T16:59:57.259+0000,"늘 먹고있는건데 라이브해서 더 저렴하게 잘샀어요
감사합니다 ^^"
11,3334006616,5,2021-12-28T08:17:54.929+0000,눈건강 젊어챙겨야죵 ㅎ
12,3343652828,5,2022-01-10T22:26:16.230+0000,안구건조증 심한 엄마사드렸는데 효과있음좋겠네요
13,3328985273,5,2021-12-21T05:27:26.359+0000,눈건강과 오메가를 한알에 해결할수있어 정말좋아요!
14,3326914702,4,2021-12-18T03:07:47.082+0000,라이브때 구매했는데 오메가3때문이지 냄새올라오고 알크기커서 먹기힘드네요ㅠ
15,3325391914,5,2021-12-16T03:44:05.519+0000,눈건강과 혈행건강까지 좋아요..라이브때 좋은 조건으로 구입해서 더 좋아요..
16,3330046934,5,2021-12-22T10:24:20.854+0000,배송도 엄청빠르고 평소 믿고 먹는 브랜드입니당~
17,3341761232,5,2022-01-08T01:13:15.745+0000,부모님이 이거 드시고 눈이 맑아지셨다고 하셔서 재구매했습니다 좋은 것 같아요
18,3341209501,5,2022-01-07T05:15:06.299+0000,부모님 드릴려고 구매했어요 꾸준히 먹어봐야겠어요
19,3330824600,5,2021-12-23T10:06:32.662+0000,눈이 침침해 구입했는데 효과 있었음 하네요:)
0,3347011001,5,2022-01-15T01:22:29.600+0000,먹기좋아서매번구매합니다
1,3333036734,5,2021-12-27T02:06:59.063+0000,배송이 빨라서 좋아요
2,3324826076,5,2021-12-15T08:57:49.696+0000,"라이브방송 대기탔다가 재구매합니다.
가성비 괜찮은것같아요"
3,3347214202,5,2022-01-15T05:41:35.992+0000,늘 먹던거라 재주문합니다
4,3326506758,5,2021-12-17T09:52:48.774+0000,라이브방송대 구매했어요  구매인증 당첨도되고 넘 좋아요
5,3347839600,5,2022-01-16T04:54:21.313+0000,배송이 엄청 빠르네요
6,3348830895,4,2022-01-17T14:05:22.999+0000,배송 빨라서 좋아요.
7,3348913667,5,2022-01-17T22:50:25.337+0000,잘 먹고 건강해질게요~~~
8,3343237265,5,2022-01-10T04:39:40.996+0000,세번째 주문이예요~^^ 잘 먹겠습니다.
9,3331350024,5,2021-12-24T04:07:51.206+0000,매번 먹지만 굉장히 좋고 편리합니다.
10,3332642147,4,2021-12-26T08:12:48.554+0000,아들이랑 잘 먹고 있어요.
11,3344747913,5,2022-01-12T04:50:44.641+0000,배송도 빠르고.. 이벤트로 사서 더 좋았습니다
12,3342046623,5,2022-01-08T07:19:15.944+0000,빠른 배송 감사합니다. 재주문입니다
13,3326564724,5,2021-12-17T11:16:34.374+0000,할인 행사해서 저렴하게 잘 구매했습니다. 잘먹을께요!
14,3351405329,5,2022-01-21T01:42:49.154+0000,"역쉬~☆ GNM~☆
효과있어용~^^"
15,3329389318,5,2021-12-21T13:08:46.814+0000,배송빠르네요 상품도 좋구요
16,3331549001,5,2021-12-24T08:43:12.433+0000,주문하고 다음날 배송되어왔네요~~
17,3342645737,5,2022-01-09T06:39:07.147+0000,잘쓰고있어요. 믿고 먹습니다
18,3346894923,3,2022-01-14T15:52:40.078+0000,먹기넘편리해서좋아요
19,3345349352,5,2022-01-12T23:15:22.207+0000,늘 먹던 제품이고 효과가 좋아요
0,3339001235,5,2022-01-04T12:26:30.096+0000,남편과 같이 먹으려고 주문했어요~꾸준히 먹어보겠습니다^^
1,3340097783,5,2022-01-06T00:31:03.197+0000,"ㅎ루테인 다른  제품시켯어요 더좋은걸루

잘먹으께여~^^"
2,3345746976,5,2022-01-13T08:10:01.301+0000,이렇게 빨리 오다니&hellip; 일단먹어보고겠습니다.
3,3347281543,5,2022-01-15T07:14:52.105+0000,배송도 빠르고 제품도 좋아요
4,3324850095,5,2021-12-15T09:28:38.279+0000,늘 믿고 먹는 제품입니다! 라이브로 싸게 구매했네요!
5,3340799239,5,2022-01-06T14:28:05.345+0000,할인하기도 하고 한살 더 먹고 건강을 생각해서 구매하게되었어요
6,3331477845,5,2021-12-24T07:01:51.757+0000,"항상 먹던 제품이에요
좋아요"
7,3365970655,5,2022-02-12T08:30:05.404+0000,😀😀😀😀😀
8,3325390766,5,2021-12-16T03:42:20.206+0000,GNM 우연히 알게 되서 이것저것 먹고 있는데 가성비 좋고 깔끔하게 목넘김 좋아 먹기도 좋아요..
9,3343942659,5,2022-01-11T05:51:30.476+0000,배송이 빨라요 늘 챙기는 제품입니다
10,3341066614,5,2022-01-07T02:41:58.009+0000,"늘 먹던거라 잘 먹고있습니다 
변함없이 좋은 제품만들어주세요"
11,3346361850,5,2022-01-14T03:28:00.468+0000,gnm가격도저렴하고효과도너무좋아요
12,3344971025,5,2022-01-12T09:19:09.875+0000,빨리 도착해서 너무 좋았어요
13,3345074607,5,2022-01-12T11:22:02.957+0000,매번 구매해서 먹고있습니다
14,3344672216,5,2022-01-12T03:08:18.966+0000,저렴하게 잘 샀어요 감사해여
15,3342379184,5,2022-01-08T19:02:50.941+0000,"부모님이 잘 드시고 계세요

알약인데 크기가 커요"
16,3330418863,5,2021-12-23T00:46:20.001+0000,부모님 드리려고 구입했어요~
17,3340883010,5,2022-01-06T21:42:50.145+0000,"세일 할때 좋은 제품 잘사서 너무 좋아요
세일 할때 좋은 제품 잘사서 너무 좋아요"
18,3331984256,5,2021-12-25T03:31:07.635+0000,루테인 오메가 좋아요ㅎㅎ
19,3328805090,5,2021-12-21T01:22:11.424+0000,"6개월째 먹고 있습니다
아주 만족합니다"
0,3331403316,5,2021-12-24T05:20:24.870+0000,저렴하게 잘 샀어요
1,3324784603,5,2021-12-15T08:09:25.342+0000,3개월 복용 후 재주문했습니다. 꾸준히 복용해 볼께요^^
2,3326222167,5,2021-12-17T03:55:37.218+0000,"목 넘김도 편하고~
가지고 다니면서도 먹기 편하게 되어 있어요~~"
3,3326538061,5,2021-12-17T10:39:10.560+0000,완전 빠른 배송에 밀크씨슬 1박스 혜택까지 잘 받았습니다.
4,3329401905,3,2021-12-21T13:21:30.022+0000,다른 회사 제품 먹다가 갈아탔어요^^
5,3325376751,5,2021-12-16T03:21:53.578+0000,"루테인도 자연의 품격이죠 
5개월째 먹고있어요 
속불편함 없이 좋아요"
6,3327036164,5,2021-12-18T05:55:18.211+0000,"떨어지기 전에 미리 구비해둬야 안심가여 :)
라방 자주해주세여ㅎㅎ"
7,3325051846,5,2021-12-15T13:15:04.581+0000,"빠른배송 좋아요~
효과 기대해봅니다"
8,3329452777,5,2021-12-21T14:19:45.812+0000,맨날 먹는거예요 또 샀어요
9,3340725171,4,2022-01-06T12:56:02.076+0000,먹던 오메가에서 이걸로 한번 먹어볼려고 구매했어요.
10,3326153749,5,2021-12-17T02:44:46.898+0000,"항상 먹던 제품들이에요
이번에 라방보고 더 쟁입니다"
11,3328196368,5,2021-12-20T03:05:41.364+0000,지인도 주문해서 먹어보라했어요! 제가 너무 효과를 봐서^^ 영양제는 아시죠? 비싸다고 좋은게아니라 나한테 맞는걸 꾸준히 먹어야하는것!!완전추천입니다!!
12,3344200823,5,2022-01-11T10:50:58.426+0000,배송이 엄청 빨라서 좋네요.
13,3344372331,5,2022-01-11T13:33:11.425+0000,항상 시켜먹는 제품입니다.
14,3344372012,5,2022-01-11T13:32:52.668+0000,항상 사켜먹는 제품입니다.
15,3328066590,5,2021-12-20T00:26:07.882+0000,눈 건강과 오메가3를 한 번에 먹어요
16,3344700421,5,2022-01-12T03:48:31.489+0000,다시 구매의사 있습니다.
17,3328304227,5,2021-12-20T05:00:32.828+0000,"배송빠릅니다.
여기서늘 구매합니다"
18,3324440470,5,2021-12-15T00:22:33.191+0000,"어마어마하게 빠른 배송이네요
잘먹을께요"
19,3348531507,5,2022-01-17T05:37:55.254+0000,잘받았어요~~~~~
0,3330018147,5,2021-12-22T09:49:56.889+0000,꾸준히 먹고 있어요
1,3345226377,4,2022-01-12T14:06:12.051+0000,좋아 또 구매합니디.
2,3325169584,5,2021-12-15T17:01:30.803+0000,"늘 먹고있는 제품인데, 저렴히 제공해주셔서 고맙습니다"
3,3321321761,5,2021-12-10T08:33:30.251+0000,빠른배송도 안전하게 포장된 것도 너무 맘에 드네요! 감사합니다!!
4,3328403807,4,2021-12-20T07:27:57.913+0000,빠른 배송으로 도착했어요
5,3358713306,5,2022-02-03T05:07:41.281+0000,좋아요좋아요좋아요좋아
6,3324954208,5,2021-12-15T11:27:39.789+0000,"라이브때 구매해서 하나씩 더 받고
다음날에 배송완료까지
👍👍👍"
7,3326547123,4,2021-12-17T10:51:51.599+0000,재구매구요. 무난하지 좋아요
8,3328937654,5,2021-12-21T04:20:02.375+0000,빠른 배송 감사합니다
9,3328814937,5,2021-12-21T01:34:15.838+0000,아빠 드릴려고 구매 했어요!!
10,3329740874,5,2021-12-22T03:51:28.969+0000,"늘 먹던건데 밀크씨슬까지 와서 잘 먹을께요
확실히 눈 피로에 좋아요"
11,3343670780,5,2022-01-10T23:46:08.335+0000,빠른 배송에 만족합니다~~
12,3343429921,5,2022-01-10T10:14:09.371+0000,빠른 배송 감사 합니다
13,3329952372,4,2021-12-22T08:27:03.697+0000,나쁘지 않아요 잘먹고 있엉ㅅ
14,3323736530,4,2021-12-14T03:47:26.738+0000,"두번째 구매입니다
효과는 좀 있는것 같은데 확실친 않네요"
15,3327197834,5,2021-12-18T10:08:14.936+0000,믿고먹는 GNM 꾸준이머코있는데 넘좋아요.
16,3326152465,5,2021-12-17T02:43:22.297+0000,배송빠르고 라이브때 싸게 잘삿습니다
17,3325651068,4,2021-12-16T09:17:58.160+0000,"처음 구매해봅니다
먹어보고 후기남길께요"
18,3326390292,5,2021-12-17T07:18:11.235+0000,한알에다 들어있다는데 믿고걍 먹음
19,3326999078,5,2021-12-18T05:01:19.195+0000,"완전 총알배송~~
믿고 먹는 루테인입니다~"
0,3328133063,5,2021-12-20T01:59:57.126+0000,빠른배송 잘받았어요
1,3343700234,5,2022-01-11T00:45:12.414+0000,"GNM 루테인 지아잔틴 오메가3
GNM 루테인 지아잔틴 오메가3
GNM 루테인 지아잔틴 오메가3"
2,3325650826,5,2021-12-16T09:17:37.478+0000,배송 빠르고 한달분 더주셔서 감사합니다.
3,3343080947,5,2022-01-10T01:33:53.713+0000,항상 먹는 제품입니다.
4,3343080692,5,2022-01-10T01:33:38.159+0000,항상 먹는 제품입니다.
5,3324490943,5,2021-12-15T01:40:24.935+0000,주문하고 12시간만에 배송되서 정말 깜짝 놀랐어요. 늘 두고 먹다 다 떨어져가던 차에 라이브 특가로 구매할 수 있어서 정말 좋네요. 함께 배송된 밀크시슬도 늘 쟁여두고 챙겨먹는데 추가로 받아서 더 기분이 좋습니다.
6,3326016703,4,2021-12-17T00:00:09.620+0000,크기가 좀 큰데 효과를 기대합니다
7,3323430108,5,2021-12-13T12:25:50.119+0000,좋아요~가성비 굿굿! 배송도 완전 총알임^^
8,3338824903,5,2022-01-04T09:33:55.697+0000,눈 영양제 다른제품 보다도 더 좋은거 같아요
9,3334222285,4,2021-12-28T12:20:19.734+0000,눈에 좋은 루테인이라 챙겨먹어요. 크기가 커서 넘기기는 불편해요..
10,3345464050,4,2022-01-13T02:12:50.812+0000,좋아요~ 좋아요~ 좋아요~ 좋아요~ 좋아요~
11,3325405390,5,2021-12-16T04:03:42.104+0000,부모님 사드렸어요  한박스 더 오고 좋네요
12,3332963484,4,2021-12-27T00:48:54.149+0000,"우선 먹어보고 효과있으면 좋겠습니다.
저는 먹기에는 불편한것 없지만 여자가 먹기에는 좀 알이 커서 저만 먹어야 할것 같아요~"
13,3327250686,4,2021-12-18T11:34:20.278+0000,"배송빠르고요
알약이 살짝 크네요"
14,3323211275,5,2021-12-13T06:14:54.937+0000,추천받아구매해요~~열심히먹어볼께요ㅋㅋ
15,3325444478,5,2021-12-16T04:57:25.800+0000,스 피 드 배 송 아 주 만 족 합 니 다
16,3339285966,5,2022-01-05T01:02:12.338+0000,눈영양에 도움이 되는 것 같습니다
17,3326581165,5,2021-12-17T11:39:20.589+0000,저렴하게 잘 구입 하였습니다.
18,3327194817,4,2021-12-18T10:03:14.620+0000,빠른 배송 감사합니다
19,3326219941,5,2021-12-17T03:53:16.981+0000,부모님선물로구입했습니당~
0,3325194448,5,2021-12-15T21:44:57.515+0000,가격 포장 배송 모두 만족입니다
1,3324841822,5,2021-12-15T09:18:09.434+0000,가성비 좋고 싼가격에 구매했네요.
2,3344795823,5,2022-01-12T05:51:06.882+0000,잘 먹을게요 ㅎㅎㅎ
3,3326216445,5,2021-12-17T03:49:37.078+0000,항상 구매하는 제품입니다.
4,3326819304,5,2021-12-18T01:14:18.441+0000,"오메가3는 1년 넘게 이것만 먹고있어요!루테인 포함이라 좋고, 크기가 작은건 아니지만 비린맛 거의 안느껴져서 먹을때 부담감이 없어요ㅎㅎ"
5,3338267833,5,2022-01-03T12:47:00.096+0000,배송빠르고 유통기한 넉넉하고 좋아요
6,3325618732,5,2021-12-16T08:36:21.007+0000,기분좋게 매번 먹고있습니다.
7,3325433631,3,2021-12-16T04:42:49.171+0000,유통 기한 넉넉한 제품이네요.
8,3325968152,5,2021-12-16T18:31:03.966+0000,일년넘게 꾸준히 먹구있어요~^^
9,3337596916,5,2022-01-02T13:06:08.413+0000,늘잘먹고있어요 저렴하고 성능갑입니다
10,3322010366,5,2021-12-11T08:17:28.270+0000,항상 잘 시켜 먹고 있어요 안 챙겨먹으면 허전합니다
11,3334635541,4,2021-12-29T04:26:28.961+0000,"한번에 네종류를 먹어 목넘김이 부담되지만, 한개씩 먹기에는 좋아요~~"
12,3328879883,5,2021-12-21T02:51:04.503+0000,루테인 두번째 구매입니다. 그새 가격이 올라 여기서 제일 좋은 가격으로 구매한거같아요.감사합니다
13,3339621441,5,2022-01-05T08:23:41.928+0000,빠른배송 좋은제품 감사해요^^
14,3333369035,5,2021-12-27T09:22:39.084+0000,"정기적으로 주문~ 항상빠른배송 감사드립니다 
근데 아무리 많이주문해도 체험분하나없네요 ㅋㅋㅋ"
15,3325854732,5,2021-12-16T13:26:05.479+0000,3+1로 할인까지 알차게 받았네요~
16,3340507062,5,2022-01-06T08:38:50.611+0000,늘 쟁여놓고 먹어요
17,3325693512,5,2021-12-16T10:12:40.863+0000,꾸준히먹으면 좋겟저
18,3337173659,4,2022-01-01T20:27:33.347+0000,선물로 구입했는데 포장 꼼꼼히 잘왔어요 :)
19,3327044852,5,2021-12-18T06:08:12.902+0000,쟁여두고 먹기 최고!!!
0,3327002841,5,2021-12-18T05:06:46.182+0000,저렴하면서 좋네요~^^
1,3339304116,5,2022-01-05T01:30:36.855+0000,항상 믿고 구매중입니다.
2,3324983113,5,2021-12-15T11:59:01.300+0000,행사해서 싸게 잘구매했어요.....
3,3325710210,4,2021-12-16T10:33:09.267+0000,빠른배송 감사해요~
4,3321168275,4,2021-12-10T05:21:00.832+0000,"꾸준히 먹음 좋아지겟죠.
알맹이가 커서 조금 먹기힘듬ㅋㅋ"
5,3328955375,5,2021-12-21T04:45:16.875+0000,배송이 진짜 빠르고 라이브할때 사서 정말 저렴하게 샀어요! 다만 알약이 크기가 너무 커요
6,3340063995,4,2022-01-05T23:26:06.871+0000,항상 먹고 있어요~
7,3323616294,5,2021-12-14T00:52:20.312+0000,"일요일에 주문했는데 월요일에 와서 놀랐어요 ㅎㅎ
배송 정말 빠르네요 요즘 눈이 너무 피곤해서 오메가쓰리랑 같이 먹을겸 해서 구입했어요 꾸준히 먹어봐야겠어요"
8,3334143490,5,2021-12-28T11:00:56.991+0000,루테인 어디서 살까 고민했는데 싸게 잘산거같아용
9,3325781924,5,2021-12-16T11:58:00.596+0000,빠른 배송입니다..
10,3324967172,4,2021-12-15T11:41:52.388+0000,열심히 먹어 볼게요~~
11,3334191301,4,2021-12-28T11:49:17.566+0000,가성비 있게 잘 산듯 꾸준히 먹어봐야 효과는 알듯
12,3333280474,5,2021-12-27T07:12:20.171+0000,"저렴하게 잘샀어요
만족합니다"
13,3336152298,4,2021-12-31T02:45:14.981+0000,눈에 보이는 효과는 모르니 아쉽게 *4개
14,3333190891,5,2021-12-27T05:08:17.437+0000,배송기간이 3일 걸렸는데 너무 추워서 알약이 얼지 안했을까 걱정요 ㅠㅠ
15,3319864156,4,2021-12-08T12:25:47.773+0000,신랑 눈건강을 위해 구매~ 열씨미 복용해볼게요~
16,3333983933,4,2021-12-28T07:49:20.882+0000,가성비 갑입니다~편하게 먹을수 있어 좋아요
17,3317204718,5,2021-12-05T01:37:26.503+0000,오메가도 있는 제품이라 좀 더 신경써서 복용해보겠습니다
18,3331547784,5,2021-12-24T08:41:12.301+0000,좋으네요 다음에도 주문 하겠습니다.
19,3335290396,5,2021-12-30T00:59:12.050+0000,먹기가 좋고 속이 편안해요
0,3329257006,5,2021-12-21T11:00:23.123+0000,"빠른배송 넘 좋아여
저번에 주문해서 먹고 재구매합니다
가격도 저렴하니  다먹으면 재구매할께여"
1,3333091497,5,2021-12-27T02:59:58.699+0000,지아잔틴 추가된 걸로 바꿔봤어요 더 좋갰죠~
2,3335164180,5,2021-12-29T15:43:39.070+0000,좋아요 또 주문 하고 싶어요ㅔ
3,3316294665,5,2021-12-03T11:46:19.747+0000,"늘 부모님
시켜드려요~~만족해서 늘 주문하고있어요^^"
4,3331548431,4,2021-12-24T08:42:15.990+0000,"한번에 먹으면 되니 편리합니다 .
만족합니다"
5,3333671973,4,2021-12-27T23:28:16.012+0000,빠른 배송 감사합니다 잘 받았습니다
6,3331136836,5,2021-12-23T23:41:29.829+0000,루테인 오메가 까지 한번에 먹을수 있어서 넘 편하고 좋아요
7,3328254408,5,2021-12-20T04:04:16.436+0000,일단 자연의 품격은 배송이 진짜 최고같아요 이렇게 빨리 오다니 늘 잘 먹고 있습니다
8,3326924445,4,2021-12-18T03:18:39.700+0000,노안이 서서히 진행되고 있어 이제야 먹기 시작해요   개선되길 바래요
9,3329055285,5,2021-12-21T07:00:16.185+0000,"잘받았습니다.
배송도 빠르게 왔구요 제품도 마음에 들어요"
10,3326904637,5,2021-12-18T02:56:34.122+0000,"작년부터 계속 챙겨먹고 있어요.오메가3도 같이
먹을수 있어 편해요. 배송도 빠릅니다~!"
11,3332359396,4,2021-12-25T23:53:43.740+0000,아직 먹어보기전인데 효과 좋았으면 좋겠어요~!
12,3325074485,5,2021-12-15T13:42:08.323+0000,"라이브때 좋은 가격으로 구매했어요
알이 크지만 삼킬만 하구요
배송도 빠르고 좋아요"
13,3333252405,5,2021-12-27T06:33:56.401+0000,빠른 배송과 튼튼한 포장 상태 좋아요.
14,3320470024,5,2021-12-09T08:16:24.128+0000,매번 시키는 겁니다.좋아요.
15,3333811700,5,2021-12-28T03:44:32.747+0000,부모님 드리려고 주문했어요
16,3330456557,4,2021-12-23T01:36:11.186+0000,매번 재주문합니다 양이 더 많아지고 가격이 낮아지면 좋겠어요~
17,3318051835,5,2021-12-06T06:09:56.888+0000,재구매했고 배송 엄청빠르네요
18,3329462125,5,2021-12-21T14:32:30.079+0000,어머니가 요청하셔서 구매했는데 포장도 잘되어있고 좋습니다 ㅎㅎ
19,3326977637,5,2021-12-18T04:30:23.139+0000,라이브방송 보고 싸게 구입했네요 잘먹겠습니다
0,3329395001,5,2021-12-21T13:14:25.996+0000,계속  구매  가족들  꾸준히 복용하고 있어요 부담없어 좋습니다^^
1,3332311129,5,2021-12-25T15:42:23.001+0000,자주 구매하던 상품입니다. 좋아요
2,3330721182,4,2021-12-23T07:47:10.986+0000,"알이 크긴한데 
눈은 안구건조증이 부드러워졌어요"
3,3326912641,5,2021-12-18T03:05:28.256+0000,늘 아침에 챙겨 먹어요~ 위도 장도 편해졌습니다!
4,3352758743,5,2022-01-22T23:33:09.027+0000,굿☆☆☆☆☆☆☆☆굿
5,3326531313,5,2021-12-17T10:29:24.956+0000,어제 밤에 주문했는데 오늘 오전에 도착했어요 재송이 쿠팡급으로 빨라요 ㅋㅋㅌ
6,3318931343,5,2021-12-07T10:29:18.767+0000,배송도 빠르고 좋네요!
7,3316604718,5,2021-12-04T02:40:47.754+0000,배송도 빠르고 좋은 상품 싸게 잘 샀어요!^^
8,3325381848,5,2021-12-16T03:29:21.049+0000,구매하려했는데 마침 라이브 이벤트! 저렴하게 잘샀숩니당~
9,3330610370,5,2021-12-23T05:19:22.871+0000,효과가 너무 좋아서 추가 구매한거에요
10,3351344547,4,2022-01-21T00:33:32.945+0000,좋아요..좋아요..좋아요..
11,3326843289,5,2021-12-18T01:46:18.718+0000,세번째 구매에요. 항상 잘 챙겨먹고 있습니다.
12,3352538478,5,2022-01-22T11:04:11.753+0000,굿~~~~~~~~~~~~~.
13,3328623133,5,2021-12-20T13:36:15.138+0000,늘먹고있어요.눈건강을위해..
14,3327504024,5,2021-12-19T01:55:34.697+0000,"하루한알로 루테인하고 오메가를 챙겨먹을수있어서
좋아요"
15,3327692606,5,2021-12-19T06:51:42.955+0000,"라이브방송에서 저렴하게 잘 구입했습니다
효과있길 바래요"
16,3329731249,5,2021-12-22T03:37:07.430+0000,좋은가격으로 이번에 처음 접하게되었네요ㅎㅎ
17,3327815792,5,2021-12-19T10:52:41.103+0000,3개입 1박스인줄 알았는데~개별로 그냥 포장되어 배달되었네요~
18,3325749651,5,2021-12-16T11:19:53.761+0000,빠른배송 감사합니다. 캡슐낱개포장 좋아요
19,3333354493,5,2021-12-27T08:59:39.186+0000,너무너무감사합니다~^^
0,3329893783,5,2021-12-22T07:15:41.382+0000,평이 좋아서 먹고 있는데 모르겠어요
1,3326903449,5,2021-12-18T02:55:18.140+0000,배송 엄청빠르고 세가지 영양소가 같이 들어있어 먹기에 좋아요~~
2,3329908647,5,2021-12-22T07:34:14.063+0000,많이 사면 그만큼 한다고 딱좋아요
3,3329589255,5,2021-12-21T23:56:47.408+0000,배송빠르고 포장도 잘 되어 있네요
4,3316419664,5,2021-12-03T15:14:28.238+0000,3개월 잘먹고 다시 주문 합니다.
5,3326107453,5,2021-12-17T01:58:17.527+0000,"배송도 빠르고 좋아요
조정석이 선전해서^^ㅋㅋㅋ"
6,3313397102,5,2021-11-29T23:40:19.199+0000,배송이빨라서 놀람 일단 꾸준히먹을께요
7,3330474171,5,2021-12-23T02:00:23.132+0000,가나자라마바사아자차하
8,3325188257,5,2021-12-15T20:37:37.489+0000,"밤 11시에 구매했는데, 다음날 오후2시 도착함"
9,3327735399,5,2021-12-19T08:14:07.932+0000,"효능을 잘 설명되어서 좋았습니다!
가격도 좋아요"
10,3328507482,5,2021-12-20T10:31:18.025+0000,싸게 사서 좋아요 눈이 좋아지길바라면서..
11,3315726409,5,2021-12-02T23:18:37.041+0000,좋아요~잘 먹을게요~
12,3326255315,5,2021-12-17T04:32:44.228+0000,눈이 안좋아져서 구매했습니다 효과가 있으면 좋겠네요
13,3315260454,4,2021-12-02T07:01:18.153+0000,믿고 꾸준히 먹고 있어요
14,3324325885,5,2021-12-14T15:11:59.976+0000,나이를 먹어가면서 눈도 침침해지는데 침침함을 없어 줄거라 생각합니다
15,3347380397,5,2022-01-15T09:46:21.126+0000,좋아요 좋아요 좋아요
16,3329683602,5,2021-12-22T02:24:05.277+0000,좋아서 재구매 했습니다
17,3329376670,3,2021-12-21T12:56:39.073+0000,효과 있었으면 좋겠어요
18,3328510723,5,2021-12-20T10:37:18.657+0000,계속 먹던거여서 구매했어요!
19,3328784479,5,2021-12-21T00:56:56.013+0000,행사할때 3셋트 구매합니다
0,3319303775,5,2021-12-08T00:26:37.820+0000,엄마안구건조증이 심해서 이것저것 먹어보는 중입니다~~효과있길 바래요
1,3323105409,5,2021-12-13T04:03:32.535+0000,"좀 알이 크지만 
루테인 지아잔틴 외에 오메가도 있어서
좋은것 같습니다"
2,3329871105,5,2021-12-22T06:48:04.324+0000,가성비 끝판왕이네요..
3,3327374722,5,2021-12-18T15:16:36.370+0000,싸고 배송도 빠르고 먹기 편하고
4,3329020263,5,2021-12-21T06:14:17.491+0000,배송 빠르고 좋아요
5,3327513652,4,2021-12-19T02:08:25.379+0000,자연의 품격 상품 정말 좋아요~
6,3325242060,5,2021-12-16T00:15:42.423+0000,잘먹고있습니다 떨어질때마다 재구매하고있습니다
7,3326721117,5,2021-12-17T16:05:53.820+0000,한알로 많은게 커버되니 좋네요
8,3324552615,5,2021-12-15T03:09:09.467+0000,GNM  제품은 유산균도 비타민도 좋아서 눈영양제도 믿고 구매합니딘
9,3324848977,5,2021-12-15T09:27:19.279+0000,라방을 못봐서 아쉽네요 그래도 꾸준히 잘 먹고있어요~~
10,3327501419,5,2021-12-19T01:51:49.415+0000,총알배송으로 잘받았습니다^^
11,3327154099,5,2021-12-18T08:52:59.114+0000,가격도 좋고 양도 많아서 너무 좋아요~
12,3328248534,5,2021-12-20T03:58:36.258+0000,빠른 배송 감사합니다.
13,3324551467,5,2021-12-15T03:07:27.361+0000,조정석이 광고하는 눈영양제 믿고 먹어요
14,3325705705,5,2021-12-16T10:27:39.862+0000,하루만에 배송. 평소 먹는 거라  좋아요.
15,3327264767,5,2021-12-18T11:56:36.785+0000,배송도빠르고조으네요
16,3320194781,5,2021-12-09T02:09:47.599+0000,배송 무지 빠르네요 가격도 착하고 효과도 좋았으면 좋겠어요
17,3327053141,5,2021-12-18T06:20:33.790+0000,만족스럽게 먹고 있습니다~
18,3319619797,4,2021-12-08T07:46:19.157+0000,아직 안먹어봤는데  꾸준히 먹으려고요
19,3324244431,4,2021-12-14T13:21:49.538+0000,새로운상품이라 기대해보고 먹으렵니다
0,3324622273,5,2021-12-15T04:49:38.277+0000,"배송이 완전 빠르네요
잘 먹겠습니다 
저렴하게 잘 샀어요"
1,3326872227,4,2021-12-18T02:20:44.224+0000,늘 먹던거 재주문해요
2,3324744832,5,2021-12-15T07:23:18.629+0000,"늘 먹던거 입니다~
배송 빠르고 
감사합니다"
3,3316773336,5,2021-12-04T06:42:35.693+0000,배송 완전 빨라요! 거의 떨어졌는데 안끊기고 먹을수 있어서 좋네요~~ 계속 챙겨먹고 있어요
4,3326078761,5,2021-12-17T01:27:29.043+0000,늘 먹던거라 재구매했습니다.
5,3327917751,5,2021-12-19T13:33:46.093+0000,항상 먹고있어요 좋아요
6,3326244330,5,2021-12-17T04:20:24.287+0000,빠른배송 저렴하게 잘샀어요^^
7,3326849946,5,2021-12-18T01:54:37.556+0000,벌써 6개월째 믿음이 갑니다^^
8,3323042845,5,2021-12-13T02:54:19.371+0000,알약 크기가 생각보다 크긴한데 잘 넘어가네요 ㅎㅎ
9,3322955326,5,2021-12-13T00:56:36.033+0000,"총알배송 완전 빨라요
늘 챙겨먹던거라서 
잘 받았어요~"
10,3325188241,5,2021-12-15T20:37:25.688+0000,배송 빠르고 먹기도 편하네요.
11,3324753719,4,2021-12-15T07:33:49.039+0000,라이브에서 사서 싸게 샀어요
12,3323954921,5,2021-12-14T08:14:12.102+0000,한번에 섭취할수있어서 좋아요
13,3317607080,5,2021-12-05T13:17:48.747+0000,"믿고 먹을수 있는 제품이라 자주 주문합니다
복합적인건 첨이라 일단 먹어보구 꾸준히 구매할께요~^^"
14,3324864442,5,2021-12-15T09:45:29.788+0000,빠른 배송과 꼼꼼한 포장 굿
15,3319789650,5,2021-12-08T11:08:02.597+0000,평소 챙겨먹는 영양제인데 이번에 밀크씨슬까지 주시고 넘 좋아요~
16,3317439092,5,2021-12-05T08:20:38.744+0000,"늘 먹던 거라 또 주문했어요.
루테인은 이거 만한 것은 아직 없는 것 같네요^^"
17,3327405591,5,2021-12-18T17:10:55.707+0000,잘 먹고 있어요~~
18,3317651937,5,2021-12-05T14:31:14.006+0000,아버지꺼 시키면서 저희것도 주문했어요 저렴하고 필요한 영양소는 다 들어있는 것 같아요
19,3322863051,5,2021-12-12T16:25:36.982+0000,파른 배송으로 하루만에 도착
0,3325322059,5,2021-12-16T02:03:56.247+0000,배송 엄청 빨라요 좋아요
1,3322608324,4,2021-12-12T08:19:09.771+0000,눈에 좋다고해서 먹고 있습니다~
2,3321391834,5,2021-12-10T10:12:26.560+0000,엄마가 항상 루테인을 드셔서 구입했네요~~
3,3317650956,5,2021-12-05T14:29:30.265+0000,아버지 황반변성 때문에 신청했습니다 하루 한알이라 먹기편하네요
4,3326047750,5,2021-12-17T00:50:43.410+0000,싸게 잘 샀어요~^^
5,3315263538,4,2021-12-02T07:05:06.581+0000,생각보다 약크기가 커서 놀랫어요.. 효과가 잇으리라 믿고 먹어볼게요 ㅎㅎ
6,3322825095,5,2021-12-12T14:40:15.843+0000,잘먹겠습니다. 감사합니다.
7,3320729445,5,2021-12-09T13:29:07.173+0000,루테인이랑 오메가3 있어서 좋아요
8,3325096280,5,2021-12-15T14:10:01.845+0000,굿굿맨쓰 좋아용~~~~~~
9,3323296083,5,2021-12-13T08:32:33.048+0000,조아요조아요조아요조아요
10,3324788710,5,2021-12-15T08:14:05.746+0000,배송겁나빠름..~~!!
11,3317462936,5,2021-12-05T09:09:59.965+0000,"정말좋네요
또구입해야겠어요"
12,3319417855,5,2021-12-08T03:18:50.903+0000,먹어보고 재구매 합니다. 좋아요.
13,3318960764,5,2021-12-07T10:59:15.550+0000,매번 주문해서 먹고있어요
14,3315096533,5,2021-12-02T03:16:51.880+0000,"늘 먹는 건강식품입니다
눈 영양에 좋다해서 장기 복용중입니다"
15,3317415894,5,2021-12-05T07:34:44.971+0000,처음 구입인데 믿을 수 있어 좋아요
16,3320192269,5,2021-12-09T02:06:23.792+0000,늘 먹는제품입니다.
17,3318619602,5,2021-12-07T04:01:51.286+0000,"잘받있습니다
잘먹을게요"
18,3320856300,5,2021-12-09T21:58:28.498+0000,빠름. 잘 먹을게요.
19,3316312367,5,2021-12-03T12:11:48.689+0000,남편이 눈이 뿌옇다고해서 시켰어요~~
0,3332031831,5,2021-12-25T04:54:32.464+0000,"아주아주 좋아요
아주아주 좋아요"
1,3315001467,5,2021-12-02T01:03:22.076+0000,배송 빨리와서 좋았습니다.
2,3313382745,5,2021-11-29T22:35:40.625+0000,빠른 배송 감사 합니다
3,3326613392,5,2021-12-17T12:27:33.605+0000,너무너무너무너무 조아용
4,3325025832,5,2021-12-15T12:45:47.707+0000,좋다좋다좋다좋다좋다
5,3315820946,4,2021-12-03T01:45:29.429+0000,좋아요 좋아요 좋아요
6,3370298343,5,2022-02-18T03:53:04.603+0000,"루테인과 오메가를 동시에 복용할 수
있도록 되어 있어 편리합니다"
7,3353666389,5,2022-01-24T06:17:49.499+0000,"배송도 빠르고 포장도잘 되어  있고
먹어보고 좋으면 재구매 하겠습니다"
8,3349440119,5,2022-01-18T11:11:10.558+0000,알약이 크긴해도 잘 넘어가네요 이틀 먹었는데 괜찮네요
9,3331932887,4,2021-12-25T02:28:43.803+0000,가족의 눈보호를 위해 애용하고 있습니다
